Week,Extranjero,Violencia contra la mujer,Aeropuerto,Pueblo Yaqui,Salud y Medicina,Hospitales,Proyectos de infraestructura,Vacunación,Justicia penal,Contexto histórico,Problemas sociales,Pandemia Covid-19,Tren Maya,Petróleo y minería,Comisión de lectricidad,Redes Sociales,Inflación
2018-49,3.592169e-05,0.097469896,0.046472162,0.012361658,5.1014762e-05,0.38766912,0.033770747,0.05607496,2.3058108e-05,0.013608082,0.022956144,1.8705729e-05,4.6185658e-05,0.014473004,0.23325473,2.0120007e-05,0.08169451
2018-50,0.00018840795,0.2298515,0.00042951803,0.072680146,0.00026757055,0.00041649162,0.00013458857,0.03411425,0.00012093894,0.00014118495,0.2867725,9.811086e-05,0.28424403,0.060037486,0.0002641436,0.00010552871,0.030133652
2018-51,0.0004454988,0.0957128,0.0010155787,0.00026022387,0.0006326822,0.0009847953,0.8957328,0.0007554818,0.0002859654,0.00033383796,0.0005013557,0.0002319874,0.000572792,0.00058679475,0.0006245791,0.00024952722,0.0010732181
2018-52,9.3119e-05,0.0983771,0.047873646,5.4392483e-05,0.00013224444,0.025605747,0.033438664,0.6408568,0.0067715826,6.977944e-05,0.04849033,4.8490445e-05,0.025874926,0.00012265294,0.035154607,5.215665e-05,0.03698378
2019-1,0.0005450645,0.51797116,0.18013592,0.00031838196,0.000774082,0.16832213,0.00038936493,0.0009243266,0.00034987653,0.00040844825,0.09827155,0.00028383487,0.02820538,0.000717939,0.00076416787,0.0003052947,0.0013130488
2019-2,0.00010050709,0.07405925,0.02994237,5.8707996e-05,0.00014273674,0.038770825,0.63268644,0.057077043,0.028785272,0.020150473,0.037666038,0.03205846,0.00012922515,0.019597985,0.020672072,5.6294768e-05,0.008046359
2019-3,0.00045607617,0.18808429,0.0010396809,0.0002664023,0.0006477038,0.034353163,0.00032579643,0.0007734189,0.02986972,0.0003417642,0.00051325926,0.00023749542,0.00058639166,0.7405113,0.00063940824,0.00025545168,0.0010986115
2019-4,0.00018325179,0.04214954,0.02182104,0.000107040665,0.00026024797,0.054400064,0.71393967,0.00031076057,0.0001176292,0.00013732114,0.04487717,0.046174336,0.00023561265,0.00024137256,0.00025691476,0.0001026407,0.07468539
2019-5,0.00014412066,0.10162507,0.011330978,8.418346e-05,0.57793826,0.058487546,0.039592464,0.054559775,9.251095e-05,0.00010799792,0.00016219057,0.018890386,0.00018530051,0.038538955,0.00020205382,8.072305e-05,0.09797748
2019-6,0.0001410139,0.05624764,0.00032148365,0.019479178,0.00020026315,0.05982521,0.04568291,0.06985028,0.02545967,0.03673142,0.6381668,7.343106e-05,0.00018130605,0.013858618,0.00019769823,7.898294e-05,0.033504043
2019-13,9.83046e-05,0.09813412,0.027611688,5.7421483e-05,0.015106311,0.088994645,0.11285205,0.10517669,6.310166e-05,0.020107796,0.02823939,5.1190775e-05,0.3598446,0.022135172,0.0135186035,5.506114e-05,0.10795387
2019-15,0.011008114,0.047614697,0.023935067,6.8456415e-05,0.021707684,0.08289746,8.37187e-05,0.111190684,0.56976813,0.023462838,0.015485189,6.102832e-05,0.012322287,0.052185845,0.00016430637,6.5642475e-05,0.027978824
2019-17,0.00015320966,0.13954033,0.045806587,8.949252e-05,0.022270197,0.04055627,0.01783133,0.05918584,9.834518e-05,0.021349732,0.00017241917,7.9781836e-05,0.51520157,0.036016863,0.04787101,8.581388e-05,0.053691234
2019-22,0.32780847,0.038403545,0.023829026,5.3634438e-05,0.04847965,0.05742183,0.08889801,0.0527671,0.007859321,0.043171253,0.025998872,0.023677755,0.0775601,0.018178085,0.00012873126,5.1429764e-05,0.16571315
2019-23,0.00060381915,0.051522274,0.0013765066,0.0003527016,0.0008575234,0.035445053,0.0004313361,0.0010239619,0.00038759108,0.0004524765,0.055362687,0.059829805,0.00077634945,0.0764836,0.0008465404,0.00033820362,0.7139096
2019-46,0.0030350997,0.009388816,0.0069190767,0.0017728562,0.0043103457,0.006709178,0.002168113,0.005146946,0.0019482283,0.0022743752,0.0034156418,0.72201794,0.003902324,0.003997722,0.0042551393,0.001699982,0.21703824
2019-47,0.019530604,0.14587852,0.019666608,3.8291393e-05,0.0077677323,0.069992,0.044627517,0.016366,0.03543565,0.021922607,0.44705883,0.016295087,8.428514e-05,0.031132538,0.0035596367,3.6717403e-05,0.12060737
2019-48,0.01904793,0.1558921,0.39766634,8.849711e-06,0.046424232,0.074758515,0.06598624,0.03624149,0.008878509,0.021469023,0.019765493,7.889443e-06,0.022992361,0.020547867,0.0153372055,0.0024870578,0.09248895
2019-49,3.870044e-05,0.16347691,0.026773332,2.2605622e-05,0.0043938863,0.083082825,0.048504394,0.05464401,0.005152662,0.025238885,0.025020165,2.0152724e-05,0.018363614,0.46922478,5.425712e-05,2.1676406e-05,0.075967126
2019-50,0.01360419,0.55970514,0.03578133,0.0077418606,0.02047048,0.06900275,0.028359573,0.04429037,2.4568923e-05,0.04016535,4.3074335e-05,1.9931365e-05,0.028175784,0.04865662,0.005178262,0.0040382715,0.0947424
2019-51,0.015094761,0.15118913,0.025032036,1.9803123e-05,4.8147333e-05,0.048498314,0.048050832,0.06394689,0.019615008,0.021011759,0.026403887,0.022441922,0.03403922,0.02529007,0.012213806,1.8989105e-05,0.4870854
2019-52,9.4008356e-05,0.10160996,0.060016233,5.4911972e-05,0.00013350749,0.06268194,0.0349352,0.06072468,6.03439e-05,0.03611301,0.5348587,4.8953563e-05,0.00012086953,0.041619033,0.032544665,5.2654785e-05,0.034331318
2020-1,0.00015246034,0.08027097,0.00034756903,8.9054825e-05,0.000216519,0.022819582,0.051100355,0.049884755,9.7864184e-05,0.3952097,0.042370915,0.03337223,0.02535316,0.00020081518,0.00021374588,8.5394175e-05,0.2982149
2020-2,0.012743444,0.17315249,0.04638858,0.0004953309,0.018191095,0.046623167,0.014379141,0.13174345,0.0068854587,0.121104285,0.10844428,0.011323469,0.03177327,0.0076730885,0.0059809024,0.008458309,0.25464028
2020-3,0.0071711596,0.13296953,0.020044178,2.1845732e-05,0.08184704,0.048414014,0.020634161,0.080572054,0.00448372,0.012693298,0.02194451,0.017818078,0.0076434035,4.9261285e-05,0.40033978,2.0947751e-05,0.14333302
2020-4,5.7973615e-05,0.21923487,0.033384137,3.386343e-05,0.030077256,0.06956182,0.013806904,0.41489908,3.7213224e-05,0.026706584,0.022902975,3.0188965e-05,0.074319445,0.006236868,8.127766e-05,0.00965731,0.078972206
2020-5,0.0072290134,0.19588865,0.02930505,2.6161753e-05,0.030420836,0.020086486,0.041084245,0.04670601,0.01067094,0.012543041,0.014367296,0.023939155,0.064802326,0.44222,6.279241e-05,0.0049374998,0.055710487
2020-6,5.027781e-05,0.093109414,0.016649151,2.9368171e-05,0.17634813,0.047465008,0.023733212,0.051338762,0.2917824,0.059394643,0.04736226,0.008202332,0.026479596,6.622409e-05,0.034033496,0.012326793,0.111628875
2020-7,4.4428914e-05,0.13212241,0.12142816,2.5951727e-05,0.4168156,0.0528362,0.034785457,0.059534665,0.011794523,0.023606457,0.030454947,2.3135748e-05,0.016913148,0.011356549,0.039708644,0.0036198485,0.044929847
2020-8,4.470529e-05,0.17619486,0.04319845,2.6113164e-05,0.04400468,0.040790968,3.193507e-05,0.11110423,0.41514555,0.035134878,0.008018493,2.3279668e-05,0.036160517,0.0068297638,6.267579e-05,2.503977e-05,0.08320386
2020-9,6.667016e-05,0.11730769,0.12013799,3.894324e-05,0.018253483,0.0316837,0.042327657,0.037674095,0.006191512,0.026540259,0.017974846,0.43900755,0.048355512,8.78155e-05,0.005891089,0.008301585,0.08015961
2020-10,8.449533e-05,0.19144075,0.046317816,4.9355243e-05,0.00011999739,0.02929043,0.51106274,0.10434902,0.014730753,0.015217355,0.011015982,0.027286414,0.000108638334,0.00011129416,0.0001184605,4.7326466e-05,0.04864916
2020-11,0.13973285,0.18028271,0.028606752,3.3282417e-05,0.024996294,0.07626453,0.04840405,0.18615413,0.0052654217,0.007489402,0.04768965,0.080599025,7.325962e-05,0.010363444,0.09187258,0.0044652424,0.06770737
2020-12,0.01841473,0.15354589,0.34117314,2.5524383e-05,6.2057436e-05,0.06840986,0.07104914,0.04010907,0.014814677,0.030785318,4.91761e-05,0.13114168,0.027171846,0.03933644,0.014626022,0.004719401,0.04456604
2020-13,0.007444047,0.30701655,0.024772283,2.9084755e-05,7.0713766e-05,0.05452517,0.025996283,0.038901556,3.1961838e-05,0.014039837,0.012395166,0.42626607,0.027487487,6.5584994e-05,0.0064723575,2.788921e-05,0.054457966
2020-14,0.0028105832,0.18324788,0.022859346,1.4245759e-05,0.040067036,0.52304983,0.020840563,0.036162086,0.007048966,1.8275707e-05,0.011174588,0.046961036,0.020876452,0.008002834,0.010992975,1.3660179e-05,0.06585963
2020-15,0.00011107941,0.50473624,0.039422084,6.4883476e-05,0.03775854,0.18533657,0.024025591,0.019743666,7.1301794e-05,0.043784395,0.010700086,0.0968243,0.00014281833,0.036792923,0.00015573076,6.221641e-05,0.00026759325
2020-16,0.029892843,0.17456166,0.03215872,3.627619e-05,0.028665947,0.5030756,0.037259348,0.033079676,0.0045998734,4.6538273e-05,0.005085757,0.10703214,0.044152368,8.18014e-05,8.7068685e-05,3.4785036e-05,0.00014961194
2020-17,0.00010620556,0.7569076,0.039776392,6.2036575e-05,0.00015082952,0.026938446,0.041545168,0.03580576,0.023806525,7.958595e-05,0.00011952167,0.06297938,0.011118399,0.0001398901,0.00014889776,5.948653e-05,0.00025584758
2020-18,0.0879108,0.38795683,0.00018688942,4.7884325e-05,0.046615526,0.29820544,0.02719381,0.035385847,5.262107e-05,6.1430204e-05,9.225548e-05,0.08535667,0.01749358,0.0001079773,0.00011493006,0.0130200675,0.00019746869
2020-19,8.197182e-05,0.36177638,0.037460953,4.788121e-05,0.0044181617,0.4514141,0.043511175,0.061843693,0.010865712,6.142621e-05,9.224949e-05,4.26857e-05,0.014231855,0.00010797028,0.000114922594,4.5913028e-05,0.013882939
2020-20,6.949822e-05,0.15061559,0.00015843779,4.059516e-05,0.012225002,0.17664456,0.02956515,0.0664272,4.461086e-05,0.039317217,0.007055922,0.47402215,0.00808339,9.154052e-05,0.028094057,0.0073776916,0.00016742146
2020-21,0.0067812623,0.7042732,0.00018063978,4.628149e-05,0.040421512,0.07777551,0.050488796,0.03226124,5.0859686e-05,0.023640348,0.009549445,0.010541678,0.014425798,0.011988001,0.000111083005,0.007193666,0.01027068
2020-22,0.0051038866,0.5854332,0.02620828,3.822495e-05,0.026129946,0.14000368,0.03232791,0.000110974695,4.2006188e-05,0.016497301,0.0100501785,0.06485686,0.037665535,8.619578e-05,0.024390947,3.665369e-05,0.031018237
2020-23,3.170754e-05,0.50077957,0.022714779,1.8520943e-05,0.029732842,0.07736722,0.019902205,0.05845348,0.0021458576,0.0067709875,0.011593826,0.0069528166,0.19662225,0.015466031,4.4453238e-05,0.008331341,0.043072097
2020-24,8.0835984e-05,0.7750612,0.0174856,4.721775e-05,0.00011480052,0.018502243,0.07991162,0.034636002,0.0054313727,0.014586336,0.019844739,0.03373433,0.000103933395,0.000106474195,0.000113330185,4.5276836e-05,0.00019472948
2020-25,0.011531938,0.1246969,0.3861043,2.829954e-05,0.0327093,0.10335692,0.03207609,0.09474976,3.109895e-05,0.030431392,0.015575734,0.029945131,0.013627819,0.006395462,0.020388516,0.0041514793,0.09419987
2020-26,0.02884984,0.12575893,0.035888303,0.0066764345,0.024549004,0.00016347895,0.055202346,0.2334132,0.015890576,0.015756175,0.01934791,3.850901e-05,0.034030434,9.740565e-05,0.00010367771,0.013046622,0.39118713
2020-27,0.020208644,0.27980596,0.08858574,5.7807065e-05,0.00014054631,0.00021877175,0.074030004,0.08102529,6.352538e-05,0.13343827,0.00011137295,5.1534516e-05,0.013644506,0.032529004,0.00013874624,5.5430875e-05,0.27589485
2020-28,0.48688006,0.17960404,0.030646428,3.60005e-05,0.031536154,0.027633963,0.043420784,0.0069715288,0.004953525,0.028349478,6.935972e-05,0.027635673,0.02120234,0.031657185,0.023792649,0.004452796,0.05115805
2020-29,0.0072617647,0.1312154,0.02358919,2.3824461e-05,0.050694738,0.031146543,0.009363455,0.12868665,0.021824239,0.010842241,0.4520973,2.1239308e-05,0.040078625,0.008132475,0.034474295,2.2845143e-05,0.05052516
2020-30,3.444594e-05,0.22575364,0.0365293,2.0120493e-05,0.045841463,0.0401416,0.3868796,0.08237055,0.010027981,0.006109982,0.026701642,1.7937253e-05,0.025820687,4.5370936e-05,0.0178812,0.012085443,0.08373907
2020-31,0.0046197223,0.16187574,0.025231427,5.944195e-05,0.58508354,0.06438526,0.046007868,0.008751919,6.532199e-05,7.625734e-05,0.035282057,5.2992003e-05,0.017355572,0.00013403929,0.018587245,5.6998553e-05,0.032374635
2020-32,3.70475e-05,0.09987903,0.0155036915,0.02084081,0.079620905,0.07257279,0.0039649247,0.054913163,2.3780765e-05,0.022563271,0.011776388,0.048114575,0.03172524,0.008897697,0.025318265,0.0056645796,0.49858382
2020-33,9.1366666e-05,0.11496908,0.046852272,5.336891e-05,0.00012975582,0.00020197914,0.07074877,0.118746705,0.08407324,6.846631e-05,0.00010282226,0.009681553,0.013855971,0.00012034483,0.030226775,5.117515e-05,0.5100264
2020-34,5.5521792e-05,0.17333938,0.034274407,3.2431275e-05,0.08739498,0.02421128,0.07637137,0.046187285,0.005485828,0.017457364,0.020951424,0.0033139747,0.39777917,7.3131276e-05,7.784027e-05,3.109817e-05,0.112963505
2020-35,4.7858382e-05,0.13893743,0.040035106,2.795494e-05,0.06167554,0.00010579887,0.05420393,0.061551336,3.072026e-05,0.010581557,0.01501352,0.046694946,0.29891402,0.021580711,0.14460626,0.0048038433,0.10118942
2020-36,0.10812647,0.42954043,0.05345741,3.785963e-05,0.1479088,0.038419936,0.06502019,0.00010991415,0.0071972483,0.02383318,7.2941584e-05,0.028049573,0.021493249,0.0052352203,9.0869195e-05,0.018001584,0.053405095
2020-37,0.012604682,0.14441533,0.07468052,0.005108391,0.0616397,0.06338448,0.37103295,0.028357627,0.0076794354,0.031946965,0.016345872,0.009945552,0.018098215,0.054615892,0.022485541,0.0038837532,0.073775075
2020-38,2.9992096e-05,0.072930135,0.030987954,0.028077193,0.059214294,0.49942017,0.03358529,0.046785425,0.017971829,0.01422461,0.016067093,1.5617972e-05,0.023322785,0.011569686,0.012197879,0.016999608,0.11660043
2020-39,3.340651e-05,0.13531043,0.041917723,1.9513343e-05,0.44036496,0.029201994,0.07041571,0.10967821,0.0077579943,0.043595567,3.7595037e-05,0.017013634,0.015677175,0.008502181,0.004404944,1.8711236e-05,0.076050214
2020-40,4.4748052e-05,0.12438693,0.069132775,0.38823408,0.045855355,0.054214638,0.023579465,0.09392587,0.009508231,0.036386114,0.0071395924,2.3301936e-05,5.7533995e-05,5.8940503e-05,0.032099698,2.5063719e-05,0.1153277
2020-41,4.191107e-05,0.09697723,0.017755438,2.4481009e-05,0.03109695,0.0515725,0.013220605,0.0234508,0.0032993555,0.031980366,0.018062674,0.018122299,0.5906673,5.5203735e-05,5.8758353e-05,0.007959107,0.09565505
2020-42,3.7330134e-05,0.11092995,0.04711465,2.1805201e-05,0.085305326,0.37442514,0.012947462,0.07759545,0.0026313327,0.026380137,4.20106e-05,1.9439154e-05,0.077691644,0.0072384104,0.034383044,0.007726574,0.13551024
2020-43,0.006253451,0.14558119,0.051353287,2.2989889e-05,0.03623117,0.098346666,0.026950305,0.06295764,0.006627971,0.02348218,0.005282429,2.0495294e-05,0.05549252,0.35842526,0.006906377,0.0045007807,0.111565314
2020-44,0.009200523,0.15764542,0.065292045,0.03384486,0.043321587,0.0572158,0.03250706,0.070493236,0.005659854,0.013569954,0.017663285,0.010133316,0.03533915,0.020267472,0.014162702,0.30413845,0.1095453
2020-45,0.017228529,0.10380589,0.00012221193,3.1312906e-05,0.051329143,0.2464558,0.046281517,0.11565652,0.004318158,4.0170937e-05,6.032845e-05,0.027068902,0.021832442,0.31556967,7.5156e-05,0.0061169607,0.044007264
2020-46,8.826101e-05,0.17785132,0.07041083,5.155484e-05,0.05053204,0.53898257,0.06892198,0.05365934,5.665468e-05,6.6139066e-05,9.932722e-05,4.596071e-05,0.00011347999,0.025858307,0.0001237399,4.943565e-05,0.013089044
2020-47,0.034242753,0.16781361,0.094511405,1.4142318e-05,0.38914415,0.03823127,0.057550244,0.05237341,0.0051429397,0.03099752,0.006621936,0.021446029,0.017610341,0.008694987,0.023988085,1.356099e-05,0.05160359
2020-48,0.005513765,0.5064781,0.03362595,0.0050725113,0.04488642,0.056960717,0.015485748,0.099476285,0.014092996,0.021868184,0.018856104,0.0058795325,0.061301965,3.3021475e-05,0.009155798,0.00530747,0.09600549
2020-49,0.02268977,0.15539144,0.010267226,2.0548063e-05,0.47587505,0.0722716,0.048092388,0.033159483,0.0031200165,0.011003626,0.014435141,0.020136518,0.03907486,0.0029461656,4.9318653e-05,0.004248929,0.08721792
2020-50,0.009662483,0.13848439,0.06262852,2.1344036e-05,0.043148383,0.027589269,0.030403089,0.06298588,0.0031793797,0.031328123,0.0071564442,1.902803e-05,0.0065418035,4.8129972e-05,0.47098786,0.0031087014,0.10270718
2020-51,0.02187653,0.13605063,0.056552388,2.0460724e-05,0.030729746,0.034279965,0.020231843,0.078023165,2.2484712e-05,2.6248807e-05,3.9420287e-05,0.010826874,0.48901302,4.6138142e-05,0.0073515708,1.9619674e-05,0.11488988
2020-52,0.03343893,0.09655284,0.02681843,0.0052424883,0.00010748923,0.05909245,0.02645936,0.34519118,0.010796514,5.671723e-05,0.006944351,0.04465583,9.73142e-05,0.011504311,0.2856432,0.0060698763,0.041328736
2020-53,0.010127525,0.07245943,0.033151288,4.065104e-05,0.38559675,0.025697563,0.026251787,0.2825188,0.016789408,0.013639455,0.014103402,0.010791181,0.02520041,9.1666516e-05,9.756902e-05,0.008003891,0.07543927
2021-1,0.027795648,0.08101498,0.07478518,3.62152e-05,8.8050016e-05,0.031203995,0.046878833,0.5807283,0.013437672,0.009340718,0.02027382,3.228555e-05,0.032613028,0.017644953,0.010134576,3.4726552e-05,0.05395701
2021-2,0.017841082,0.120010674,0.025433319,1.8995052e-05,0.02975582,0.05141078,0.041673735,0.12248756,0.0052783517,0.0054859943,0.012652273,0.03278504,4.1810974e-05,0.016133534,0.4682257,1.821425e-05,0.050747167
2021-3,0.015905198,0.10812945,0.029349228,2.0854633e-05,5.0703868e-05,0.05431305,0.039623845,0.49109966,0.0022746888,0.081779085,0.005854421,0.025665592,0.0331447,0.010773224,0.02858731,0.0048835324,0.068545505
2021-4,0.0007546077,0.0023311921,0.001720238,0.00044077993,0.0010716681,0.0016681361,0.085259065,0.14526443,0.00048438218,0.069374666,0.0008492208,0.00039295162,0.0009702231,0.0009939417,0.0010579425,0.685549,0.0018175432
2021-5,0.00033236513,0.42755783,0.036173534,0.00019414045,0.05823802,0.029211244,0.00023742387,0.0005636275,0.00021334495,0.00024906037,0.00037403722,0.00017307459,0.36470622,0.0004377792,0.0004659682,0.027944764,0.0529276
2021-6,0.008166755,0.16268928,0.3219598,0.011208749,0.084903896,0.066722795,0.03750105,0.12429626,0.008948651,0.050108474,3.105937e-05,0.018732551,0.013897933,0.013621027,0.041059032,0.002584453,0.033568226
2021-7,0.008759238,0.20962454,0.029199826,0.0043697804,5.6793553e-05,0.06591541,0.013640455,0.13242829,0.0050468277,0.01577885,0.02027794,2.0824653e-05,0.028908582,0.013932515,0.36676618,0.006436372,0.07883756
2021-8,0.003586276,0.08122711,0.21275483,0.011478493,0.028343325,0.082499675,0.18411782,0.13653316,0.012179449,0.03450469,3.6601698e-05,0.014933346,0.027214976,0.008512172,4.5597655e-05,0.003958873,0.15807362
2021-9,0.014950133,0.20641974,0.09232548,2.3239782e-05,0.023058763,0.02140432,0.012125432,0.08245036,2.5538675e-05,0.013996347,4.477451e-05,2.0718071e-05,0.17879102,5.240481e-05,0.27383146,0.0044216276,0.07605864
2021-10,5.1923707e-05,0.095135614,0.008729065,3.0329571e-05,7.374028e-05,0.36674342,0.025881395,0.31102604,0.004656282,3.890943e-05,5.843393e-05,0.029359564,0.054791883,0.013944808,0.020392772,2.9082858e-05,0.06905672
2021-11,1.8816003e-05,0.11518812,0.06662911,0.011225336,0.0019317366,0.20281474,0.032309182,0.15410578,0.0020684346,0.038003303,0.00477006,0.0053022294,0.017638465,0.015648685,0.22784121,0.010521744,0.093983024
2021-12,0.00823869,0.13671789,0.07536965,0.0073268623,0.02450937,0.048452515,0.027655035,0.11207967,0.0102827335,0.061266996,0.07365662,0.013224721,0.015072402,0.28749207,0.006678362,0.007079115,0.0848973
2021-13,0.013134483,0.14293575,0.07011416,1.732902e-05,0.03710689,0.5045693,0.021015279,0.08928957,0.0076037482,0.010484491,3.338665e-05,0.011272568,0.028517934,0.017380776,4.159243e-05,1.6616701e-05,0.046466198
2021-14,7.424107e-05,0.39465374,0.04411686,4.3365544e-05,0.00021866118,0.20605613,0.027400265,0.26929575,0.007071086,5.5633118e-05,0.004912381,3.8660022e-05,9.545411e-05,0.0059819072,0.039765477,4.1582978e-05,0.00017883988
2021-15,6.0476646e-05,0.15430546,0.00013787439,3.5325495e-05,0.016703809,0.50575584,0.013142042,0.15060389,3.881992e-05,4.5318637e-05,0.015187286,0.043507483,0.01461906,0.022529185,0.03448697,3.387342e-05,0.02880726
2021-16,0.018514402,0.28206277,0.052287076,4.0084164e-05,0.0104234805,0.5338687,4.9020888e-05,0.029858947,4.4049317e-05,0.020522006,7.7227436e-05,3.5734698e-05,0.010598055,9.038824e-05,0.022115089,0.006466979,0.01294595
2021-17,0.00012684263,0.22826627,0.00028916894,7.409106e-05,0.00018013758,0.060935058,0.016184932,0.38551855,8.14202e-05,9.50505e-05,0.00014274623,0.23836294,0.04838966,0.020798748,0.00017783044,7.1045506e-05,0.00030553475
2021-18,0.022200298,0.09226098,0.020799054,6.1393606e-05,0.016932601,0.062086932,0.03750343,0.11460572,6.74667e-05,0.13825224,0.0001182829,5.473189e-05,0.048304353,0.00013844023,0.41249123,0.009703758,0.024419071
2021-19,5.4082408e-05,0.09275442,0.0445695,0.014641204,0.03666872,0.042041644,0.015329291,0.037346512,0.009706549,0.62797266,0.019411853,0.005180785,6.953547e-05,0.0040541333,0.007396018,3.029196e-05,0.04277279
2021-20,7.677635e-05,0.15252574,0.02269779,4.4846445e-05,0.00010903516,0.44045848,0.025832571,0.21600306,0.015100904,5.7532947e-05,0.0097585535,0.03845875,0.0077118822,0.01766536,0.018004326,4.3003005e-05,0.03545141
2021-21,0.009200593,0.6286382,0.025785577,4.1487066e-05,0.029572291,0.030904904,0.025918463,0.0605127,0.013405504,0.010125502,7.9930316e-05,0.029637348,9.131929e-05,0.016575512,0.08309921,3.9781717e-05,0.036371738
2021-22,0.00010232296,0.28338045,0.02882029,5.976868e-05,0.00014531559,0.06607036,0.03166934,0.29785994,0.020986479,7.66765e-05,0.012601805,0.18177943,0.012571384,0.00013477607,0.026753813,5.7311856e-05,0.036930554
2021-23,5.20418e-05,0.107448734,0.053586468,3.039855e-05,0.010716165,0.026544906,0.061066188,0.07431603,3.3405595e-05,0.01868025,5.8566824e-05,0.019179113,0.068383634,0.0067071584,0.042349648,2.9149e-05,0.5108181
2021-24,0.00824827,0.1307467,0.07127895,2.537768e-05,0.014971458,0.027430916,0.008903036,0.17215656,0.008654921,0.037571218,4.8893453e-05,0.0070991456,0.016900595,0.013626447,6.091051e-05,0.29661298,0.18566363
2021-25,4.147431e-05,0.16660523,0.037636504,2.422589e-05,0.015174002,0.037671044,0.01158756,0.5381669,0.0042014937,0.008296748,0.024802832,0.009452673,0.037348118,0.0156371,0.009389626,0.0052780667,0.07868636
2021-26,3.4166987e-05,0.31218454,0.016945127,0.0281705,0.0408259,0.045846816,0.023203777,0.2496005,0.012025654,0.026242524,0.0113040665,0.013131522,0.0468311,0.019126173,0.020607503,1.9137184e-05,0.13390096
2021-27,7.290885e-05,0.16043413,0.02801439,4.258737e-05,0.0050597275,0.12167931,0.026485238,0.48637533,0.021744387,0.027085979,8.2050195e-05,0.010209632,0.02219472,0.023280313,0.014514571,4.083679e-05,0.05268383
2021-28,0.005968554,0.22411834,0.018728565,4.6463632e-05,0.04575219,0.07960989,0.028945778,0.20486714,0.029650737,0.023161523,8.9518326e-05,4.142194e-05,0.09355523,0.012733338,0.030502096,4.455372e-05,0.20218463
2021-29,0.09390831,0.27248818,0.17174798,0.007962,0.038619187,0.006278385,4.0507475e-05,0.039966594,0.009831368,0.10989201,0.04141989,0.0072735646,0.015706763,0.10735248,7.9499994e-05,3.176125e-05,0.07740155
2021-30,9.651379e-05,0.2783914,0.060660176,5.6375437e-05,0.0001370656,0.030022604,6.894429e-05,0.4224535,0.021693857,0.026948575,0.00010861473,0.022951366,0.049220044,0.018022522,0.014298531,5.405809e-05,0.05481586
2021-31,7.138108e-05,0.0520776,0.04547179,0.011346572,0.000101372985,0.058161024,0.042628434,0.66647476,4.5819466e-05,5.3489963e-05,8.033088e-05,0.03803453,0.033418737,0.0107138455,0.026430763,3.9981078e-05,0.014849573
2021-32,0.0108168,0.12825617,0.081842266,0.001298563,0.083976485,0.15316352,0.02779874,0.16362976,0.011612036,0.15333155,0.0117663955,0.005276138,0.028032811,0.018830314,0.02756889,0.0027270492,0.09007251
2021-33,7.3934214e-05,0.16659628,0.15408354,4.3186305e-05,0.12687628,0.10078914,0.02992535,0.05780415,0.016079381,0.026495896,0.041816972,0.018864978,0.09998381,0.0076301484,0.00010365407,4.1411105e-05,0.1527919
2021-34,2.0978474e-05,0.12239675,0.1570241,0.029875023,0.11698198,0.13710411,0.026121862,0.07653657,0.0047205724,0.075547196,0.017162317,0.0060525425,0.03409983,0.030994078,0.022778563,0.003073362,0.13951014
2021-35,9.725863e-05,0.18533339,0.03297822,0.013821222,0.09616773,0.054983452,0.026824147,0.08360308,0.012778203,0.080494925,0.000109452965,5.0646096e-05,0.055454414,0.035962306,0.18381412,5.4475284e-05,0.13747296
2021-36,5.4056043e-05,0.14136371,0.040825274,3.1575106e-05,0.078649014,0.24319223,0.042961452,9.1668866e-05,0.006166047,0.017243179,0.030641066,2.8148943e-05,0.11467064,0.0131670395,0.045982152,0.03953291,0.1853998
2021-37,0.07115352,0.06526708,0.25325844,0.044313084,6.9947724e-05,0.13514493,0.012861104,0.029945191,0.017774222,0.24399745,0.025444677,0.0038095587,6.3326406e-05,6.487452e-05,0.023276722,0.0060514603,0.0675044
2021-38,0.044203624,0.32927096,0.04327591,3.3867447e-05,0.022499332,0.11094093,0.03825487,0.17277232,0.010975313,0.02718412,0.054873876,3.0192545e-05,0.07036329,0.0077836053,8.1287304e-05,3.2475305e-05,0.06742403
2021-39,0.030049382,0.11750201,0.14796907,0.15700133,0.04005424,0.09651485,0.037150715,0.059297588,0.009338531,0.065207936,0.028770244,0.0039694062,0.01214463,0.032196864,0.022269111,0.002072387,0.13849168
2021-40,0.0367395,0.16202383,0.16932325,1.9111301e-05,0.029161016,0.06965102,0.029150482,0.124902606,0.0047608586,0.06577289,0.07630338,1.7037566e-05,0.04894657,0.0049711787,0.022533715,0.0046311864,0.15109237
2021-41,3.8614464e-05,0.39626497,0.03624556,2.2555403e-05,0.014533966,0.028497737,0.008448161,0.26674503,0.005384373,0.009543166,0.012219893,2.0107953e-05,0.057965327,0.003711677,0.031715892,0.0030710993,0.12557188
2021-42,3.1321448e-05,0.20296098,0.04687947,1.829542e-05,0.027008515,0.044770554,0.051770784,0.20666602,0.002948692,0.013732326,3.5248548e-05,0.013182025,0.03000064,0.006307021,0.08702398,1.7543376e-05,0.26664662
2021-43,0.00010800079,0.39300516,0.03729546,6.30852e-05,0.00015337905,0.046711702,0.03461706,0.30049372,0.012227984,8.0931226e-05,0.016793834,5.6239933e-05,0.08185704,0.017626446,0.024724685,6.049205e-05,0.034124773
2021-44,9.181024e-05,0.4263327,0.076836936,5.362801e-05,0.0872796,0.133878,0.03453584,0.06837206,0.015488655,0.01439196,0.049900908,4.7808924e-05,0.00011804335,0.0001209291,0.043555308,5.14236e-05,0.048944432
2021-45,0.0335995,0.24585882,0.050641812,0.0042594383,0.20477405,0.11678032,0.029109329,0.07872283,0.009711512,0.015427821,0.020330558,0.016116431,0.010294055,0.0111043975,0.04407299,0.002692427,0.106503665
2021-46,0.19740531,0.2431002,0.09640561,3.2244097e-05,0.047151588,0.06466131,0.04010155,0.012280179,0.011939542,0.031882595,6.212251e-05,2.8745342e-05,0.10147521,0.013847562,0.025548803,0.0049814205,0.10909602
2021-47,5.9564987e-05,0.25490835,0.06734122,0.019702343,0.020118827,0.049685474,0.090384364,0.30363107,0.008874376,0.017745275,0.01797783,3.101765e-05,0.030961359,7.8456826e-05,8.350874e-05,0.007883771,0.110533185
2021-48,3.193965e-05,0.20959024,0.098473705,1.8656523e-05,4.5359604e-05,0.05821226,0.03593645,0.34740564,0.009001845,0.0216404,0.011832619,0.01259523,0.047334008,0.003181793,0.039614268,1.7889637e-05,0.1050677
2021-49,6.1137085e-05,0.12387983,0.0073918253,3.571127e-05,0.01071884,0.0474468,0.04889398,0.402717,0.027928323,0.015639009,0.033857852,3.1836298e-05,0.11520686,8.0527534e-05,0.01578008,3.4243338e-05,0.15029617
2021-50,0.01917157,0.16920888,0.09858246,7.735158e-05,0.00018806489,0.08814309,0.06480945,0.10316364,8.500325e-05,0.0076314732,0.00014902804,0.028070798,0.09686096,0.00017442481,0.0001856562,7.4172e-05,0.32342392
2021-51,0.025654344,0.36578864,0.08355671,0.019339826,0.00015765021,0.04079155,0.013213725,0.2845938,0.017817535,8.318492e-05,0.091810964,5.780605e-05,0.02178391,0.021356326,0.00015563106,6.217657e-05,0.013776237
2021-52,0.00012975743,0.14542834,0.4198248,7.579365e-05,0.00018427709,0.054024257,0.11770229,0.00022004418,0.01793257,0.023495572,0.031574372,6.75694e-05,0.00016683326,0.034904964,0.08984927,7.267811e-05,0.06434659
2022-1,0.021886727,0.4794364,0.17937618,0.00010697792,0.0002600954,0.0004048638,0.00013082854,0.116040096,0.000117560245,0.012048728,0.0002061071,0.0123005565,0.05615222,0.00024123106,0.00025676418,0.00010258053,0.1209321
2022-2,0.09404178,0.22884724,0.19557182,8.206374e-05,0.00019952159,0.0003105748,0.07882473,0.07880889,0.024077443,0.00010527855,0.061090305,7.315914e-05,0.00018063468,0.0114642475,0.14760923,0.050491832,0.028221186
2022-3,0.013765184,0.6359916,0.08482959,6.854624e-05,0.030269766,0.034205064,0.027123127,0.109321125,0.008055986,8.793711e-05,0.00013206337,6.1108396e-05,0.018522583,0.0001545691,0.00016452196,0.022575714,0.014671596
2022-4,0.00011913299,0.34784093,0.11585293,6.958772e-05,0.0001691886,0.018944964,8.5102234e-05,0.039601598,7.6471384e-05,0.036608297,0.013641199,6.203687e-05,0.3648424,0.00015691761,0.0001670217,6.6727276e-05,0.06169551
2022-5,4.9790437e-05,0.20521055,0.06834819,2.9083489e-05,0.03183677,0.056432445,0.05792125,0.18999949,0.0074766865,0.017151745,0.037049137,0.002962651,0.045536425,6.558214e-05,6.980504e-05,0.008701731,0.2711587
2022-6,0.008419224,0.15611196,0.077651255,0.044878013,0.035016213,0.10100013,0.03269431,0.098320164,0.046575658,0.049296297,0.03645458,0.0041317195,0.021137549,0.0061265226,0.06379846,0.003836129,0.2145518
2022-7,7.598621e-05,0.26542556,0.13956828,4.438491e-05,0.02394116,0.0444772,0.021908894,0.18477991,0.0138698295,0.053730402,0.07268722,3.9568775e-05,0.10213839,0.000100086254,0.011318476,4.256044e-05,0.06585206
2022-8,4.936492e-05,0.31879833,0.11575586,2.8834937e-05,0.07640274,0.017307196,3.526366e-05,0.22112457,0.017068641,0.026303686,0.033877846,2.5706106e-05,0.035304815,0.0123291295,0.008961834,0.005648281,0.110977925
2022-9,7.791351e-05,0.3057387,0.09418423,4.551068e-05,0.000110650115,0.022275688,0.029460173,0.13025516,0.015662927,0.043571204,8.768234e-05,0.007611775,0.20816547,0.021633705,0.005871794,0.015211447,0.10003601
2022-10,4.545733e-05,0.35836986,0.08140924,2.6552445e-05,0.07831636,0.038484234,0.030262321,0.061245725,0.009362763,0.04465968,0.032796685,2.3671282e-05,0.044771567,0.030205948,0.027836127,0.011198721,0.15098506
2022-11,0.009758946,0.21648392,0.24597533,1.4567938e-05,0.021240907,0.044502746,0.028214265,0.08442192,0.010106985,0.012676111,0.047535487,1.2987195e-05,0.045735247,0.06355285,0.070302136,0.0021283892,0.09733719
2022-12,2.16535e-05,0.23620267,0.20293747,1.2648199e-05,0.046552587,0.08508652,0.04500366,0.06812448,0.0079979915,0.016617168,0.027000982,0.005221734,0.08830474,0.024156438,0.00648078,0.0030953782,0.1371831
2022-13,5.1221825e-05,0.38064373,0.19039513,2.9919587e-05,0.03440661,0.008269465,0.019397246,0.034534223,0.017241526,0.008736719,0.013202832,0.006021239,0.16036172,6.746751e-05,0.046288855,0.009284375,0.07106769
2022-14,5.513713e-05,0.18634625,0.17856573,3.220659e-05,0.013080621,0.09869503,0.05186138,0.07761729,0.0129207,0.028230274,0.033618595,0.0059408103,0.075125135,0.051725265,0.01693861,3.088272e-05,0.16921607
2022-15,0.0056738677,0.017520713,0.012934063,0.003314208,0.008057833,0.88202375,0.0040531075,0.009621784,0.0036420517,0.0042517562,0.00638526,0.0029545887,0.007295072,0.0074734106,0.00795463,0.0031779755,0.0136659285
2022-16,0.009633462,0.33450818,0.14664468,4.037044e-05,0.023861231,0.013526635,0.033668704,0.27043888,4.436391e-05,0.02831648,0.021209043,3.598991e-05,0.04822679,9.1033784e-05,0.013086404,0.0064292606,0.050238505
2022-17,0.036522333,0.32864115,0.08703028,1.8053122e-05,0.04058959,0.07482004,0.03644315,0.029725602,0.01487374,0.03971392,0.029293966,0.0057273395,0.033278305,0.0139866695,4.3330394e-05,0.0032553829,0.2260372
2022-18,0.07617499,0.17986748,0.13755444,6.4763294e-06,0.043092567,0.07321159,0.035566077,0.04174299,0.0040974496,0.15796703,0.020633722,0.007029434,0.03157087,0.041207857,0.019648975,0.006498326,0.124129705
2022-19,4.0100844e-05,0.20313083,0.07136346,2.3423625e-05,0.07552291,0.11561725,0.013095479,0.0812554,0.0023676923,0.03242906,0.025727365,0.02019213,0.036702383,0.010993487,0.0037377507,2.2460783e-05,0.30777884
2022-20,5.9910177e-05,0.07111924,0.058943197,0.012783707,0.12427292,0.1181669,4.2796626e-05,0.05502788,3.8456303e-05,0.03852531,0.028066125,0.025082165,0.0252308,7.891149e-05,0.043966774,3.3556138e-05,0.3985614
2022-21,4.921842e-05,0.26801458,0.065688655,2.8749364e-05,0.039710097,0.11471134,3.5159006e-05,0.1761356,0.012541492,0.015044622,0.039339818,2.5629817e-05,0.029229797,6.48287e-05,6.9003094e-05,2.7567605e-05,0.23928387
2022-22,5.8565718e-05,0.15682974,0.0001335178,3.420929e-05,8.317304e-05,0.3021967,0.022917151,0.03936638,3.7593294e-05,0.011861287,0.012854631,0.021671386,0.046201345,7.714062e-05,0.05695634,3.2803095e-05,0.32868803
2022-23,0.014043046,0.16976482,0.041376956,2.2440707e-05,5.456009e-05,0.2260885,0.10113103,0.06403623,0.0046623712,0.015725356,0.015765378,0.004528925,0.041245677,0.019160934,0.028100135,0.016274385,0.23801924
2022-24,3.672207e-05,0.22164758,0.038062714,2.1450021e-05,0.053701896,0.05512701,0.06199869,0.07823341,0.003938791,0.022820882,0.036878984,0.012515683,4.7214733e-05,0.014797375,0.07196285,2.0568306e-05,0.3281882
2022-25,4.472473e-05,0.35119197,0.15471877,2.6124519e-05,6.351654e-05,0.05409465,0.013195991,0.13645779,0.0048004766,0.020565161,0.0018983217,2.3289791e-05,0.054622374,5.8909784e-05,6.270304e-05,2.5050655e-05,0.20815021
2022-26,0.015097061,0.2778741,0.08366925,0.0033283727,0.0710152,0.106541924,0.032521043,0.056836713,0.009501568,0.03478702,0.063400455,0.0055383444,0.037309166,0.042932782,0.033396717,0.0025676095,0.1236827
2022-27,3.4852746e-05,0.23229645,0.039322514,2.0358117e-05,0.28863618,0.059659604,0.035777353,0.082151994,0.007444557,0.019375117,0.029337574,0.0071874824,0.019597946,4.5906767e-05,0.013067764,1.9521285e-05,0.16602477
2022-28,0.16637796,0.13873509,0.088155515,0.004418196,0.03287294,0.19250613,0.026068222,0.021304654,0.0043134275,0.0087764645,0.01112989,1.3283799e-05,0.017598279,0.11313237,3.5763936e-05,0.0033861268,0.17117564
2022-29,0.014428944,0.17185567,0.08930992,2.2199794e-05,0.053073138,0.21388254,2.7149219e-05,0.092112854,2.4395813e-05,0.017394708,0.033856064,1.9790932e-05,0.036114853,0.005442901,0.0127919745,2.128726e-05,0.25962156
2022-30,3.3607364e-05,0.3212208,0.07210216,1.9630665e-05,0.15135717,0.05390437,0.029791193,0.050231427,0.0061210943,0.012530124,0.009442297,0.003176218,0.07650811,0.030143097,0.027001189,0.0032355713,0.15318196
2022-31,0.0027177248,0.14380892,0.116036035,1.1230744e-05,0.034830783,0.164549,0.015224553,0.060560763,0.0032629643,0.018273942,0.016033277,0.0055180606,0.03654335,0.021978261,0.02026907,0.0048752665,0.3355068
2022-32,2.6138774e-05,0.15391146,0.103426106,1.5268128e-05,0.080368154,0.105799794,0.0035173711,0.036841065,1.6778462e-05,0.018369745,0.009018787,0.006999888,0.04164042,0.22736539,0.025670009,0.0021892386,0.1848244
2022-33,2.948355e-05,0.18072239,0.05487672,1.7221872e-05,0.042451713,0.08057568,0.005411188,0.075231016,0.004934236,0.021319795,0.0070027467,1.5353155e-05,0.033351246,0.12286124,0.07186475,1.6513955e-05,0.2993187
2022-34,3.0424992e-05,0.14184834,0.22160172,0.010782256,0.019388879,0.03824073,0.035265163,0.08240453,0.018534109,0.027106097,0.020304859,1.5843398e-05,0.024246369,0.045670744,0.16307563,0.0031010315,0.14838326
2022-35,0.0032617014,0.18263145,0.11863331,3.174264e-05,0.13492402,0.029297588,0.0326802,0.061713185,3.4882643e-05,0.026596563,0.04811328,2.8298298e-05,0.044833932,0.016949037,0.039241903,3.043784e-05,0.26099846
2022-36,0.012332932,0.1436292,0.060159873,0.03277255,0.096020736,0.1114614,0.027207218,0.094300196,0.0036567017,0.015449307,0.03469066,0.0034602697,0.030478656,4.0514537e-05,0.059333865,0.002894913,0.27211106
2022-37,0.03989679,0.16605437,0.25136378,0.048160832,0.022995971,0.1204675,0.013127164,0.081181295,0.038289566,0.06545437,0.010617643,0.0033400143,4.4104392e-05,0.034024235,0.009191397,0.0027586073,0.09303233
2022-38,0.043698207,0.28041342,0.080978855,0.00803563,7.994766e-05,0.028408127,0.028788019,0.16907446,3.613546e-05,0.0093229525,0.012338559,2.9314637e-05,0.060040824,0.07253407,7.8923724e-05,0.021251285,0.18489128
2022-39,0.008009818,0.31033692,0.13290039,0.03808682,0.021391684,0.047564838,4.954014e-05,0.09394451,4.4515906e-05,0.027031181,0.0035079466,3.6113215e-05,0.022218624,9.134567e-05,0.018780604,0.020763233,0.25524196
2022-40,4.1116895e-05,0.36039785,0.088562794,2.4017118e-05,0.06825596,0.07534634,0.057004113,0.023590183,0.0053941556,0.008538696,0.026592407,2.141106e-05,0.018562784,0.055362105,0.013080596,2.3029881e-05,0.19920242
2022-41,0.00011169761,0.27845827,0.106167644,0.038185723,0.07503889,0.078704484,0.01984231,0.058695108,7.169862e-05,0.035892356,0.032870594,0.009756862,0.025775269,0.013690323,0.026478073,6.256266e-05,0.20019817
2022-42,3.523257e-05,0.24777164,0.03686097,2.0579977e-05,5.0036095e-05,0.05625822,0.023961395,0.1314071,0.003621905,0.009037252,0.0480387,0.0031121252,0.046054006,0.002883326,0.128167,0.002892245,0.2598282
2022-43,6.0469672e-05,0.29403347,0.062804565,3.5321424e-05,0.07569739,0.033774767,4.31963e-05,0.07218049,0.013637173,0.018303974,0.00785524,0.02116425,0.01684225,7.964844e-05,0.094571844,0.012148226,0.27676776
2022-44,0.07226968,0.17558259,0.29701778,4.91159e-05,0.02060506,0.057726115,0.031829324,0.05412271,5.397448e-05,0.081794344,0.046699513,4.3786415e-05,0.000108111504,0.00011075445,0.022176268,0.0076028127,0.13220808
2022-45,6.50803e-05,0.2779403,0.101550646,3.8014572e-05,9.242484e-05,0.007983376,0.02125215,0.10574436,4.1775e-05,0.019833257,0.027600093,3.3889675e-05,0.24434069,0.020809595,0.0352256,3.6451962e-05,0.13741234
2022-46,0.014393346,0.2219922,0.26436844,0.013333961,0.06638064,0.0821534,0.01656738,0.03642465,0.010661508,0.037513707,0.072002165,0.004418819,0.0055912323,0.016904915,0.054749515,0.0044383383,0.07810577
2022-47,0.03633639,0.1520683,0.26860595,1.4590248e-05,0.035412047,0.034123227,0.02050348,0.07563213,0.009195676,0.08608458,0.109882616,0.0022837364,0.029395226,0.020807719,0.019383006,0.006743575,0.09352773
2022-48,3.6825524e-05,0.23808885,0.19123708,2.151045e-05,0.08786481,0.080868505,0.007588606,0.05045073,0.008846755,0.031606894,0.06765052,1.9176387e-05,0.0055249566,4.8505233e-05,0.096188575,0.0034390236,0.13051866
2022-49,6.320798e-05,0.27992028,0.26461023,3.692092e-05,0.037894875,0.026398407,0.043900926,0.05555061,4.0573163e-05,0.011062941,0.045876436,0.013226165,0.14925261,8.325525e-05,8.8616136e-05,0.004369736,0.06762426
2022-50,0.06739384,0.09000926,0.17286175,2.7056205e-05,6.578175e-05,0.17490563,0.043749657,0.089652516,2.9732622e-05,0.13185523,0.029925197,2.412038e-05,0.036649127,0.016218182,0.015327315,0.012714458,0.118591174
2022-51,0.038380433,0.2847043,0.16827734,2.0436246e-05,0.016772801,0.00909794,0.0403073,0.080681466,0.007531439,0.024341261,0.09288341,0.008860996,0.09408732,4.6082943e-05,0.005208284,1.9596202e-05,0.12877962
2022-52,6.839375e-05,0.33753827,0.23563416,3.9950017e-05,0.0592575,0.009636385,0.02449766,0.058160514,0.011912364,0.010500912,0.016978987,0.008766481,0.08768008,9.008574e-05,9.588645e-05,0.013045752,0.1260966
2023-1,0.06299872,0.10679638,0.13216995,3.11062e-05,0.017287202,0.062092442,0.026004855,0.05035015,3.4183246e-05,0.09929058,5.9930204e-05,0.008520264,0.1096692,0.009404308,0.049477376,0.010135254,0.25567806
2023-2,0.24026306,0.12568396,0.088265724,1.1639243e-05,0.047078423,0.06804794,0.03897764,0.01880202,0.0025175116,0.06576769,0.017744698,0.008727782,0.033295576,0.0321972,0.045075666,0.0022104385,0.16533306
2023-3,4.9989794e-05,0.18446986,0.1521117,2.9199939e-05,7.09938e-05,0.033978928,0.0372991,0.13062486,0.027324332,0.0107925795,0.022861114,0.022796735,0.19525144,0.0126783205,0.025201455,2.7999658e-05,0.14443143
2023-4,4.92848e-05,0.15474989,0.10032552,2.8788138e-05,6.9992595e-05,0.17624341,0.039623868,0.03791387,0.0035241526,0.06317923,0.021015393,0.0054555256,0.16445413,0.014757295,0.013170573,0.004136535,0.20130253
2023-5,2.9380066e-05,0.2286349,0.1489598,1.7161425e-05,0.14608873,0.030180711,0.033933524,0.053485546,0.01013774,0.03168366,0.058176596,0.011587237,0.061475873,0.059889592,0.009841212,0.0061231395,0.10975525
2023-6,0.027113184,0.1293037,0.13637055,1.5564196e-05,0.021710712,0.11521592,0.013874832,0.049907178,0.011731094,0.0697056,0.05211747,0.0028407562,0.15017948,0.0068605244,0.040307827,0.0050926553,0.16765293
2023-7,0.0032409423,0.17147113,0.114455245,0.010959792,0.039959498,0.024481904,0.06513167,0.025635246,0.018675191,0.034035955,0.010542886,0.009213419,0.08439296,0.005269871,0.13412105,0.0033973479,0.24501589
2023-8,0.009120433,0.16663279,0.3035506,2.062173e-05,0.03128274,0.036743887,0.024229303,0.0134086,0.0066209054,0.041504797,0.031781547,1.83841e-05,0.17681867,0.046097547,4.9495466e-05,1.9774063e-05,0.11209995
2023-9,3.3120377e-05,0.18717742,0.20562823,1.9346207e-05,0.026955912,0.0369362,0.022169666,0.04200778,0.0024557058,0.030686196,0.0126386555,0.014883658,0.14480786,0.012816367,4.6434005e-05,1.855097e-05,0.26071888
2023-10,0.023193637,0.20441705,0.28402275,2.5601492e-05,0.0054822667,0.01846326,0.04354426,0.060691874,2.8134009e-05,0.029297804,4.932466e-05,0.012442928,0.0638306,0.09455409,0.016118722,0.0039969245,0.13984074
2023-11,0.010493608,0.20074007,0.20931552,1.1139004e-05,0.0320815,0.05536727,0.040568393,0.041870113,0.0025195894,0.033017028,0.02909147,0.008534689,0.035515074,0.15802996,0.024703387,0.003577149,0.114564
2023-12,0.034213345,0.2056548,0.13884756,1.8521501e-05,0.011062371,0.013374206,0.05216698,0.07951655,0.0056232694,0.015452846,0.03723645,0.0044154264,0.21809039,0.006902818,0.019553201,0.011952249,0.14591901
2023-13,4.1244293e-05,0.18342926,0.23154002,2.4091532e-05,0.032188196,0.10320385,0.036867753,0.018911265,0.009790719,0.023999685,0.0062397234,2.14774e-05,0.106098406,0.024677549,5.7823552e-05,0.029553067,0.19335586
2023-14,0.025103694,0.17301188,0.13501967,2.9878223e-05,0.010528896,0.07403082,0.024465978,0.024294157,0.00353928,0.07407549,5.7564346e-05,2.6636186e-05,0.057328608,0.024444645,0.04445445,2.8650062e-05,0.3295597
2023-15,8.730123e-05,0.16562186,0.1114115,5.099422e-05,0.13214026,0.06560793,0.014836138,0.039103847,5.60386e-05,0.022256996,9.82471e-05,0.017323347,0.2451336,0.009753721,0.0371144,4.8898073e-05,0.1393549
