Week,Extranjero,Violencia contra la mujer,Aeropuerto,Pueblo Yaqui,Salud y Medicina,Hospitales,Proyectos de infraestructura,Vacunación,Justicia penal,Contexto histórico,Problemas sociales,Pandemia Covid-19,Tren Maya,Petróleo y minería,Comisión de Electricidad,Redes Sociales,Inflación
2018-49,3.592169e-05,0.097469464,0.046468753,0.012362245,5.1014762e-05,0.38766947,0.033771735,0.056075152,2.3058108e-05,0.013608196,0.022957427,1.8705729e-05,4.6185658e-05,0.014473515,0.23325498,2.0120007e-05,0.081694104
2018-50,0.00018840794,0.22985218,0.000429518,0.07268004,0.00026757055,0.0004164916,0.00013458855,0.034112927,0.00012093893,0.00014118494,0.28677303,9.811085e-05,0.28424373,0.060036734,0.00026414357,0.0001055287,0.030134857
2018-51,0.00044549885,0.095732726,0.0010155787,0.0002602239,0.00063268223,0.0009847954,0.895713,0.00075548183,0.0002859654,0.000333838,0.00050135574,0.00023198742,0.0005727921,0.0005867948,0.00062457914,0.00024952722,0.0010732654
2018-52,9.311901e-05,0.098378,0.047876097,5.4392487e-05,0.00013224444,0.025605256,0.033444352,0.6408577,0.0067715957,6.9779446e-05,0.04848958,4.849045e-05,0.025871767,0.00012265296,0.03515204,5.2156654e-05,0.03698078
2019-1,0.00054505764,0.5084929,0.1832451,0.00031837798,0.0007740723,0.19300772,0.00038936004,0.0009243152,0.00034987213,0.00040844313,0.10745977,0.0002838313,0.000700798,0.00071793003,0.00076415826,0.00030529086,0.0013130279
2019-2,0.00010050707,0.07415161,0.029953852,5.870799e-05,0.00014273672,0.038769495,0.6327084,0.057162844,0.028897403,0.020160416,0.03769781,0.032047205,0.00012922514,0.019615317,0.020737942,5.6294764e-05,0.007610239
2019-3,0.00045607617,0.18807034,0.0010396809,0.0002664023,0.0006477038,0.0343526,0.00032579643,0.0007734189,0.029868655,0.0003417642,0.00051325926,0.00023749542,0.00058639166,0.7405269,0.00063940824,0.00025545168,0.0010986115
2019-4,0.00018325177,0.042148992,0.021821039,0.00010704066,0.00026024797,0.05440009,0.71393996,0.00031076057,0.00011762919,0.00013732113,0.044877257,0.046174318,0.00023561264,0.00024137255,0.00025691476,0.00010264069,0.07468551
2019-5,0.00014412064,0.10163356,0.01136193,8.4183455e-05,0.57792044,0.05847634,0.03966978,0.0545108,9.2510934e-05,0.000107997905,0.00016219055,0.018889373,0.00018530048,0.03849591,0.0002020538,8.0723046e-05,0.097982846
2019-6,0.0001410139,0.05624682,0.00032148365,0.019479366,0.00020026315,0.059826408,0.04568815,0.06984854,0.025459532,0.03673156,0.6381683,7.343106e-05,0.00018130605,0.013851675,0.00019769823,7.898294e-05,0.033505477
2019-13,9.83046e-05,0.09813217,0.02761137,5.7421483e-05,0.015117365,0.0889941,0.11284642,0.10517388,6.310166e-05,0.020108143,0.028239682,5.1190775e-05,0.35984233,0.022140795,0.013518582,5.506114e-05,0.107950106
2019-15,0.011008025,0.0476082,0.023937957,6.845641e-05,0.021710342,0.082897276,8.3718696e-05,0.11118813,0.56976664,0.023462972,0.015491256,6.1028313e-05,0.012323446,0.052186247,0.00016430636,6.564247e-05,0.027976343
2019-17,0.00015320968,0.13953027,0.04580072,8.9492525e-05,0.022275,0.04055781,0.017950831,0.05916516,9.834518e-05,0.021323655,0.00017241918,7.9781836e-05,0.5151933,0.035966676,0.04786213,8.581388e-05,0.053695403
2019-22,0.3278089,0.038403794,0.023828894,5.3634438e-05,0.04847957,0.057421003,0.08889281,0.052769624,0.0078585865,0.04317132,0.02599896,0.02367761,0.07756075,0.018182375,0.00012873126,5.1429764e-05,0.16571206
2019-23,0.00060381915,0.051548097,0.0013765065,0.0003527016,0.0008575234,0.035445068,0.0004313361,0.0010239619,0.00038759108,0.0004524765,0.05536113,0.059821095,0.00077634945,0.076487094,0.0008465404,0.00033820362,0.71389055
2019-46,0.0030350995,0.009387094,0.006919076,0.0017728561,0.0043103453,0.006709177,0.0021681127,0.0051469454,0.0019482282,0.002274375,0.0034156416,0.7219737,0.0039023238,0.0039977217,0.0042551393,0.0016999819,0.21708418
2019-47,0.019486994,0.14590651,0.019591482,3.82915e-05,0.008242509,0.06982155,0.044576153,0.016323417,0.035423175,0.021911932,0.44706285,0.01630919,8.428537e-05,0.03153602,0.0029379958,3.6717505e-05,0.12071094
2019-48,0.019047955,0.15589227,0.39766636,8.849711e-06,0.046423834,0.0747585,0.06598598,0.036242366,0.008878475,0.021468978,0.019764807,7.889443e-06,0.022991974,0.020548215,0.01533767,0.0024870667,0.09248881
2019-49,3.870045e-05,0.1634768,0.026773782,2.2605627e-05,0.0043927347,0.08308324,0.04850473,0.054643545,0.005152711,0.025239253,0.025020808,2.015273e-05,0.01836211,0.4692252,5.4257136e-05,2.1676411e-05,0.075967684
2019-50,0.013603809,0.5597148,0.035782658,0.00774344,0.020469354,0.06900153,0.028358107,0.044289593,2.4568924e-05,0.04016544,4.307434e-05,1.9931365e-05,0.028185098,0.0486691,0.0051485826,0.0040382575,0.09474267
2019-51,0.0150947375,0.15118933,0.025032016,1.9803123e-05,4.8147333e-05,0.048498303,0.048050743,0.06394696,0.019615008,0.02101178,0.026403885,0.022441909,0.03403941,0.02529025,0.012213128,1.8989105e-05,0.48708555
2019-52,9.4008356e-05,0.10160919,0.060016323,5.4911972e-05,0.00013350749,0.06268178,0.03493486,0.060727973,6.03439e-05,0.036112748,0.53485817,4.8953563e-05,0.00012086953,0.041620307,0.032545965,5.2654785e-05,0.0343274
2020-1,0.00015246034,0.08036354,0.00034756903,8.9054825e-05,0.000216519,0.022804916,0.051013615,0.049940247,9.7864184e-05,0.39520895,0.042370386,0.03335657,0.02535196,0.00020081518,0.00021374588,8.5394175e-05,0.29818642
2020-2,0.012743541,0.1731511,0.046449546,0.00038414221,0.018189406,0.04662231,0.014378683,0.13174729,0.0068861023,0.12113021,0.10843485,0.011331734,0.03177971,0.0076726642,0.0059879147,0.008458185,0.2546526
2020-3,0.0071701123,0.13297087,0.020044822,2.184573e-05,0.08184717,0.048414096,0.020633094,0.08057189,0.004483733,0.012693757,0.021944335,0.017817527,0.007643458,4.9261278e-05,0.4003398,2.094775e-05,0.14333323
2020-4,5.797362e-05,0.2192555,0.03338699,3.386343e-05,0.03008724,0.069575034,0.013730697,0.41491985,3.7213227e-05,0.026706386,0.022899808,3.0188967e-05,0.074329995,0.006237337,8.127767e-05,0.009656756,0.07897387
2020-5,0.0072289915,0.19588913,0.029305186,2.6161752e-05,0.030420985,0.020085515,0.041084073,0.046706274,0.01067097,0.012543091,0.0143672805,0.023938788,0.064802244,0.4422202,6.279241e-05,0.0049374946,0.05571079
2020-6,5.027781e-05,0.09311079,0.016649026,2.9368171e-05,0.17634714,0.0474655,0.023733195,0.051338587,0.2917822,0.059394587,0.047362104,0.008200571,0.026479186,6.622409e-05,0.034035884,0.012326801,0.111628585
2020-7,4.442892e-05,0.13212278,0.12142769,2.5951731e-05,0.416816,0.052835938,0.03478482,0.059533775,0.011794578,0.023606427,0.030455444,2.3135752e-05,0.016913548,0.011356344,0.039707594,0.0036198585,0.0449317
2020-8,4.470529e-05,0.17619492,0.04319854,2.6113164e-05,0.044004384,0.040791146,3.193507e-05,0.11110454,0.41514558,0.03513492,0.008018102,2.3279668e-05,0.03616061,0.0068296576,6.267579e-05,2.503977e-05,0.08320382
2020-9,6.667016e-05,0.1173075,0.12013695,3.894324e-05,0.018256456,0.031683706,0.04232761,0.037672948,0.006191551,0.026540287,0.017975029,0.4390072,0.048355505,8.78155e-05,0.0058911247,0.008301586,0.08015918
2020-10,8.449532e-05,0.19144806,0.046320006,4.9355236e-05,0.00011999738,0.029292049,0.51106334,0.10436483,0.014730611,0.015217512,0.010987156,0.02728532,0.00010863832,0.000111294146,0.000118460484,4.732646e-05,0.048651557
2020-11,0.1397329,0.18028258,0.028606398,3.3282417e-05,0.024995277,0.076264665,0.048404094,0.18615425,0.0052654264,0.0074894144,0.047689755,0.080599025,7.325962e-05,0.010364622,0.09187263,0.004465248,0.067707226
2020-12,0.018414728,0.153546,0.34117332,2.5524383e-05,6.2057436e-05,0.06840979,0.07104907,0.04010914,0.014814684,0.03078533,4.91761e-05,0.13114166,0.027171679,0.039336327,0.014625957,0.004719379,0.044566154
2020-13,0.007444104,0.3070161,0.024773903,2.9084755e-05,7.0713766e-05,0.054525208,0.025996964,0.03890166,3.1961838e-05,0.014039772,0.012395012,0.42626598,0.0274864,6.5584994e-05,0.006472317,2.788921e-05,0.054457363
2020-14,0.0028105848,0.18324752,0.022859097,1.4245758e-05,0.040067054,0.52304983,0.02084068,0.036162067,0.007048916,1.8275705e-05,0.011174608,0.046961136,0.02087552,0.008002945,0.010994897,1.3660178e-05,0.06585898
2020-15,0.0001110794,0.50473607,0.03942221,6.4883476e-05,0.03775924,0.18533608,0.024025952,0.019743621,7.130179e-05,0.04378431,0.010700086,0.09682425,0.00014281832,0.036792535,0.00015573074,6.22164e-05,0.00026759322
2020-16,0.029892392,0.1745506,0.032151014,3.627619e-05,0.028664062,0.5030961,0.03726269,0.033069998,0.0045996485,4.6538273e-05,0.0050866925,0.1070411,0.04414965,8.18014e-05,8.7068685e-05,3.4785036e-05,0.00014961194
2020-17,0.00010620559,0.75686425,0.039752178,6.203659e-05,0.00015082957,0.026935494,0.04156121,0.035945483,0.023810241,7.9585974e-05,0.0001195217,0.06298301,0.011025836,0.00013989012,0.00014889779,5.9486545e-05,0.00025584764
2020-18,0.0879113,0.38796166,0.00018688942,4.7884325e-05,0.0466121,0.29820785,0.027193055,0.03538661,5.262107e-05,6.1430204e-05,9.225548e-05,0.08535411,0.017493626,0.0001079773,0.00011493006,0.013018215,0.00019746869
2020-19,8.197186e-05,0.36194673,0.037646856,4.7881236e-05,0.003912655,0.45156506,0.04353126,0.061834514,0.0108671,6.142624e-05,9.224953e-05,4.2685722e-05,0.014234987,0.000107970336,0.00011492265,4.591305e-05,0.013865808
2020-20,6.949822e-05,0.15061323,0.00015843779,4.059516e-05,0.012225887,0.17664488,0.029565174,0.06642829,4.461086e-05,0.03931708,0.007055842,0.47402245,0.008083381,9.154052e-05,0.028094029,0.007377693,0.00016742146
2020-21,0.0067812684,0.7042712,0.00018063976,4.6281486e-05,0.04042151,0.077774465,0.0504888,0.03226128,5.0859682e-05,0.023640357,0.009549453,0.010544613,0.014425833,0.011988006,0.000111083005,0.0071936604,0.010270677
2020-22,0.0051038493,0.58542985,0.0262183,3.822494e-05,0.02613377,0.14000279,0.032329094,0.00011097467,4.200618e-05,0.016497638,0.010049924,0.06485745,0.037655763,8.619577e-05,0.024393065,3.6653684e-05,0.03101444
2020-23,3.1707546e-05,0.5007804,0.022714728,1.8520946e-05,0.029731696,0.077367276,0.019904273,0.058453478,0.0021458587,0.006771147,0.011593804,0.0069519514,0.19662206,0.015465013,4.445325e-05,0.0083313035,0.043072384
2020-24,8.083598e-05,0.7750621,0.017485216,4.7217745e-05,0.00011480051,0.018503672,0.07991165,0.034634583,0.005431347,0.01458717,0.019844573,0.03373312,0.00010393339,0.00010647419,0.00011333018,4.5276833e-05,0.00019472947
2020-25,0.011532468,0.12469766,0.38610524,2.8299542e-05,0.03270598,0.103356786,0.03207543,0.09475041,3.1098953e-05,0.030431122,0.015575851,0.029945463,0.013632734,0.0063954587,0.020385412,0.004151493,0.09419911
2020-26,0.028849695,0.12575983,0.035887945,0.0066763978,0.02454528,0.00016347897,0.055202506,0.23341317,0.015890718,0.015757538,0.019347932,3.8509013e-05,0.03403042,9.740567e-05,0.00010367772,0.013046531,0.391189
2020-27,0.020210247,0.27981225,0.08858783,5.780706e-05,0.0001405463,0.00021877173,0.07403148,0.08102982,6.3525375e-05,0.13343824,0.000111372945,5.1534513e-05,0.013645657,0.03251627,0.00013874624,5.5430868e-05,0.27589047
2020-28,0.48686984,0.17964742,0.030653149,3.6000496e-05,0.031570632,0.027743967,0.04342531,0.006637649,0.004956971,0.028378354,6.935971e-05,0.027621377,0.02119239,0.03168043,0.023807535,0.0044528204,0.051256776
2020-29,0.0072617545,0.13121524,0.023589188,2.382446e-05,0.050694715,0.031146534,0.009363671,0.12868667,0.021824231,0.010842242,0.45209736,2.1239308e-05,0.040078405,0.008132467,0.034474492,2.2845143e-05,0.050525095
2020-30,3.4445937e-05,0.22575366,0.036529455,2.0120491e-05,0.045841627,0.04014139,0.38687968,0.08237061,0.010028003,0.006109974,0.02670178,1.7937251e-05,0.025820324,4.537093e-05,0.017880792,0.012085441,0.08373939
2020-31,0.0046769716,0.16183677,0.025198525,5.944195e-05,0.58505994,0.064344026,0.045968823,0.0089985235,6.532199e-05,7.625734e-05,0.03524026,5.2992003e-05,0.017366387,0.00013403929,0.018570285,5.6998553e-05,0.032294434
2020-32,3.7047503e-05,0.09980349,0.01549745,0.020846812,0.07955335,0.07257586,0.004157562,0.054900777,2.3780767e-05,0.022564257,0.011777411,0.048122227,0.031682838,0.008883123,0.025326569,0.0056612846,0.49858615
2020-33,9.1366666e-05,0.11496677,0.04685177,5.336891e-05,0.00012975582,0.00020197914,0.0707488,0.118746676,0.08407279,6.846631e-05,0.00010282226,0.00968157,0.013854768,0.00012034483,0.030231772,5.117515e-05,0.51002574
2020-34,5.5521792e-05,0.17334174,0.03427424,3.2431275e-05,0.08739511,0.024211483,0.07637112,0.04618727,0.0054857926,0.017458469,0.020951236,0.0033112813,0.39777905,7.3131276e-05,7.784027e-05,3.109817e-05,0.11296317
2020-35,4.7858382e-05,0.13893753,0.040035114,2.795494e-05,0.061675724,0.00010579887,0.054203905,0.061551284,3.072026e-05,0.010581537,0.015013518,0.04669492,0.29891402,0.021580776,0.14460619,0.0048038447,0.10118927
2020-36,0.108126186,0.42954043,0.053454958,3.785963e-05,0.14790659,0.038420353,0.06502006,0.00010991415,0.0071972646,0.023833623,7.2941584e-05,0.028049683,0.021493275,0.0052352073,9.0869195e-05,0.018004086,0.053406738
2020-37,0.012604544,0.14441508,0.074680746,0.0051080408,0.061639726,0.06338417,0.37103292,0.028358253,0.007679452,0.0319469,0.016345788,0.00994582,0.018098542,0.05461596,0.022485225,0.0038837844,0.07377505
2020-38,2.9992096e-05,0.072929285,0.030988565,0.028077576,0.059213363,0.49942014,0.033585437,0.04678562,0.017971676,0.014225031,0.016067564,1.5617972e-05,0.023320004,0.011570032,0.012198006,0.01700072,0.11660141
2020-39,3.3406515e-05,0.13531207,0.041917834,1.9513347e-05,0.44036478,0.029201476,0.07041557,0.10967834,0.0077580065,0.04359546,3.759504e-05,0.017013459,0.015679095,0.008503093,0.0044016354,1.8711238e-05,0.07604996
2020-40,4.4748056e-05,0.12439112,0.069135614,0.38823327,0.045857344,0.05421828,0.02357918,0.09392941,0.009508205,0.03638609,0.007124518,2.3301938e-05,5.7534e-05,5.894051e-05,0.032100867,2.506372e-05,0.115326494
2020-41,4.1911073e-05,0.096977,0.017758615,2.448101e-05,0.031096997,0.051573105,0.013220254,0.023447976,0.0032993262,0.03198033,0.018061409,0.018122237,0.59066695,5.5203738e-05,5.8758356e-05,0.0079593295,0.09565614
2020-42,3.7330134e-05,0.11092952,0.047114413,2.1805201e-05,0.085305445,0.37442538,0.012949065,0.07759492,0.002631334,0.02638002,4.20106e-05,1.9439154e-05,0.07769127,0.007238408,0.034382958,0.007726463,0.13551016
2020-43,0.006253439,0.14558212,0.05135418,2.2989889e-05,0.036229204,0.09834752,0.026950588,0.06295732,0.0066279666,0.023482326,0.0052815275,2.0495294e-05,0.05549266,0.35842562,0.0069052386,0.004500786,0.11156604
2020-44,0.00919413,0.15764561,0.06528974,0.033845,0.043330036,0.05721667,0.03250801,0.070494354,0.0056598787,0.013571933,0.017663298,0.010131464,0.035338566,0.020267354,0.014162743,0.30413702,0.10954418
2020-45,0.017228594,0.10380552,0.00012221193,3.1312906e-05,0.051324997,0.24645674,0.046281643,0.11565743,0.0043182606,4.0170937e-05,6.032845e-05,0.027068779,0.021833358,0.3155707,7.5156e-05,0.0061169765,0.04400776
2020-46,8.826101e-05,0.17785214,0.07040838,5.155484e-05,0.05053574,0.5389817,0.068921216,0.053658843,5.665468e-05,6.6139066e-05,9.932722e-05,4.596071e-05,0.00011347999,0.025858965,0.0001237399,4.943565e-05,0.013088477
2020-47,0.034242723,0.1678132,0.09451131,1.4142317e-05,0.38914412,0.038230143,0.05755062,0.052373227,0.0051429505,0.030997211,0.006622461,0.021447266,0.017610114,0.008696141,0.023988556,1.3560989e-05,0.051602263
2020-48,0.0055139414,0.5064782,0.033625532,0.005074186,0.044885617,0.056960337,0.015485824,0.099476516,0.014092954,0.021868072,0.018856192,0.0058795335,0.061301276,3.3021475e-05,0.009155923,0.005307475,0.09600538
2020-49,0.022689864,0.15539324,0.0102661075,2.0548063e-05,0.4758752,0.07226907,0.048092846,0.033160936,0.0031199977,0.011003377,0.014435268,0.020136256,0.0390752,0.0029461805,4.9318653e-05,0.0042489334,0.08721769
2020-50,0.00966189,0.13848497,0.062628135,2.1344036e-05,0.043148708,0.027589986,0.030402932,0.062985346,0.0031793911,0.0313284,0.007155995,1.902803e-05,0.0065418785,4.8129972e-05,0.47098762,0.003108696,0.10270755
2020-51,0.021876527,0.13605055,0.056552477,2.046072e-05,0.030729406,0.034280207,0.02023191,0.078023136,2.248471e-05,2.6248805e-05,3.9420283e-05,0.010826868,0.48901302,4.613814e-05,0.007351784,1.9619672e-05,0.11488968
2020-52,0.033438973,0.09655366,0.026818836,0.005242491,0.00010748923,0.059090536,0.026459262,0.34519127,0.010796506,5.671723e-05,0.0069443523,0.044656225,9.73142e-05,0.011504433,0.28564313,0.006069839,0.041328922
2020-53,0.01012637,0.07245999,0.03314655,4.065104e-05,0.38559833,0.025697013,0.026254585,0.28251928,0.016789466,0.013639595,0.014103581,0.010791095,0.025201125,9.1666516e-05,9.756902e-05,0.008003856,0.07543923
2021-1,0.027795669,0.08101626,0.074785,3.62152e-05,8.8050016e-05,0.03120298,0.046878517,0.58072907,0.013437702,0.009340675,0.020273065,3.228555e-05,0.032615226,0.017645754,0.010131866,3.4726552e-05,0.053956904
2021-2,0.017841151,0.120011,0.025432825,1.899505e-05,0.029756824,0.051410086,0.041673847,0.122487575,0.005278366,0.005483737,0.012654406,0.032785535,4.181097e-05,0.016133728,0.46822587,1.8214248e-05,0.050746076
2021-3,0.015905267,0.10812849,0.029349152,2.0854633e-05,5.0703868e-05,0.05431269,0.03962404,0.49109876,0.0022746925,0.08177889,0.0058544,0.025665408,0.03314347,0.010773202,0.028591307,0.004883522,0.068545096
2021-4,0.0007546077,0.0023311921,0.001720238,0.00044077993,0.0010716681,0.0016681361,0.085259944,0.14525475,0.00048438218,0.06937356,0.0008492208,0.00039295162,0.0009702231,0.0009939417,0.0010579425,0.6855589,0.0018175432
2021-5,0.00033233655,0.44057217,0.0007576617,0.00019412376,0.059768904,0.029113311,0.00023740347,0.00056357903,0.00021332661,0.02277688,0.0003740051,0.00017305971,0.36333677,0.00043774158,0.00046592814,0.027884161,0.05279865
2021-6,0.008166335,0.16268918,0.32195997,0.011208458,0.084904045,0.06672315,0.03750107,0.12429636,0.008948588,0.05010856,3.105937e-05,0.018732583,0.013898792,0.01362086,0.0410586,0.0025844516,0.03356798
2021-7,0.008758905,0.20962755,0.02919905,0.0043697995,5.6793557e-05,0.06591349,0.013640798,0.13243096,0.0050468687,0.015778866,0.020277701,2.0824653e-05,0.028915089,0.013932759,0.36676863,0.0064363214,0.07882558
2021-8,0.0035539984,0.08119889,0.21276607,0.011486833,0.02834549,0.082504496,0.18414201,0.13653558,0.01218243,0.034504436,4.4503362e-05,0.014945176,0.027174503,0.008511933,4.559766e-05,0.003959318,0.15809879
2021-9,0.014950581,0.20641908,0.09232592,2.3239782e-05,0.023058608,0.02140114,0.012127741,0.082451224,2.5538675e-05,0.01399608,4.477451e-05,2.0718071e-05,0.17879066,5.240481e-05,0.27383164,0.004421628,0.07605901
2021-10,5.1923707e-05,0.095134035,0.008729157,3.0329571e-05,7.374028e-05,0.36674365,0.025884142,0.31102583,0.004656079,3.890943e-05,5.843393e-05,0.029359331,0.05479148,0.0139449,0.02039325,2.9082858e-05,0.06905566
2021-11,1.8816003e-05,0.11517789,0.06661259,0.011197987,0.0020171995,0.20281859,0.03230543,0.15409698,0.0020686088,0.038001448,0.0047677,0.0053032576,0.017631883,0.01564758,0.22784404,0.0105175655,0.09397243
2021-12,0.008238486,0.1367182,0.07536973,0.0073269466,0.024509592,0.048452463,0.027655033,0.11207978,0.010282794,0.061267,0.07365662,0.013224793,0.015073151,0.28749207,0.0066769863,0.0070791175,0.08489725
2021-13,0.013133988,0.14293523,0.07011371,1.732902e-05,0.03710846,0.5045693,0.021015234,0.089289546,0.0076037426,0.01048468,3.3386645e-05,0.011272583,0.028517833,0.017380565,4.1592426e-05,1.66167e-05,0.046466235
2021-14,7.424111e-05,0.3946694,0.043974385,4.3365566e-05,0.0003936488,0.20603287,0.027363388,0.2692979,0.007071206,5.5633143e-05,0.0049146116,3.866004e-05,9.5454154e-05,0.0059807864,0.039773952,4.1583e-05,0.00017883987
2021-15,6.0476646e-05,0.15430643,0.00013787439,3.5325495e-05,0.01670376,0.5057563,0.013141959,0.15060458,3.881992e-05,4.5318637e-05,0.015187296,0.043508135,0.014619148,0.022529222,0.034483857,3.387342e-05,0.028807616
2021-16,0.018526234,0.28206065,0.052314565,4.0084167e-05,0.010445734,0.5338788,4.9020895e-05,0.029890722,4.404932e-05,0.020519529,7.722745e-05,3.57347e-05,0.010599231,9.038825e-05,0.022106094,0.006468663,0.012853236
2021-17,0.00012684263,0.22826752,0.0002891689,7.4091055e-05,0.00018013756,0.060935125,0.016184881,0.38551822,8.142019e-05,9.505049e-05,0.00014274621,0.23836263,0.048390046,0.020797675,0.00017783043,7.10455e-05,0.0003055347
2021-18,0.022200268,0.092261046,0.020799061,6.139361e-05,0.016932478,0.062086504,0.037503444,0.114605576,6.746671e-05,0.13825226,0.000118282915,5.4731892e-05,0.048304003,0.00013844023,0.41249117,0.009703777,0.024420118
2021-19,5.40824e-05,0.09275402,0.044570602,0.01464115,0.03666907,0.04204246,0.015327894,0.037346277,0.009706209,0.6279723,0.01941197,0.0051810807,6.953546e-05,0.0040541734,0.0073991017,3.0291958e-05,0.04276982
2021-20,7.6776334e-05,0.15252873,0.022699207,4.4846438e-05,0.000109035136,0.44046146,0.025835004,0.21600203,0.015100862,5.7532936e-05,0.009758491,0.03845871,0.0076839905,0.01766722,0.018018465,4.3002998e-05,0.03545467
2021-21,0.009200585,0.6286382,0.025785541,4.1487066e-05,0.0295724,0.030904924,0.025918465,0.06051264,0.013405507,0.010125502,7.9930316e-05,0.029637324,9.131929e-05,0.016575491,0.083099194,3.9781717e-05,0.03637175
2021-22,0.00010232297,0.28337905,0.028822659,5.9768685e-05,0.00014531559,0.06607195,0.031669408,0.29786074,0.020986691,7.66765e-05,0.012602838,0.18177946,0.0125715565,0.00013477607,0.026753914,5.731186e-05,0.03692559
2021-23,5.20418e-05,0.107441984,0.053584766,3.039855e-05,0.010740681,0.026542641,0.061068717,0.07432233,3.3405595e-05,0.018680172,5.8566824e-05,0.019177068,0.06838942,0.0066994517,0.042325012,2.9149e-05,0.5108242
2021-24,0.00824803,0.13074835,0.07127883,2.5377682e-05,0.014971533,0.02743084,0.008902893,0.17215641,0.008654842,0.03757408,4.8893457e-05,0.007095481,0.01690037,0.013626443,6.0910512e-05,0.29661286,0.18566386
2021-25,4.1474315e-05,0.16660799,0.037636455,2.4225892e-05,0.015178469,0.03767297,0.011587485,0.53816766,0.0042013763,0.008297144,0.024802392,0.0094523495,0.037351746,0.01563666,0.009377227,0.0052780183,0.07868636
2021-26,3.4166987e-05,0.31218433,0.016945094,0.028170504,0.04082673,0.045846317,0.023203785,0.24960022,0.012025688,0.026242364,0.011304557,0.013131772,0.046830848,0.019126143,0.020607822,1.9137184e-05,0.1339005
2021-27,7.290886e-05,0.16043301,0.02801856,4.2587373e-05,0.005059754,0.1216828,0.026485408,0.4863767,0.02174449,0.027087143,8.20502e-05,0.0102092605,0.022189276,0.02328052,0.014515037,4.0836796e-05,0.052679636
2021-28,0.005968613,0.2241182,0.018727597,4.6463636e-05,0.045754198,0.07960959,0.02894622,0.2048665,0.029650953,0.02316019,8.951833e-05,4.1421943e-05,0.093555786,0.012733326,0.03050196,4.455372e-05,0.20218493
2021-29,0.09390866,0.27248505,0.17174803,0.007961964,0.03861844,0.006294148,4.0507475e-05,0.039965097,0.009831428,0.10989167,0.041419536,0.007270868,0.01570648,0.10734679,7.9499994e-05,3.176125e-05,0.07740005
2021-30,9.651379e-05,0.27839506,0.060660057,5.6375437e-05,0.0001370656,0.030022463,6.894429e-05,0.42245832,0.021693893,0.02694846,0.00010861473,0.022951232,0.04922186,0.018023035,0.014299789,5.405809e-05,0.054804306
2021-31,7.138108e-05,0.052078404,0.045473073,0.0113465935,0.000101372985,0.058161214,0.04262825,0.6664758,4.5819466e-05,5.3489963e-05,8.033088e-05,0.038034488,0.033419393,0.010713837,0.02643214,3.9981078e-05,0.014844476
2021-32,0.010816998,0.12825736,0.08184085,0.0013095231,0.0839745,0.15316135,0.027798805,0.16363104,0.01161187,0.15333115,0.011766435,0.0052761496,0.028025122,0.018830337,0.027569069,0.0027270457,0.09007241
2021-33,7.3934214e-05,0.1665943,0.15408231,4.3186305e-05,0.12687653,0.10078884,0.02992533,0.05780349,0.016079346,0.02649609,0.041818634,0.01886558,0.099982984,0.0076301787,0.00010365407,4.1411105e-05,0.15279418
2021-34,2.0978474e-05,0.12239699,0.15702395,0.0298752,0.116981335,0.13710412,0.026121674,0.07653588,0.0047205626,0.07554718,0.017162554,0.0060526305,0.034099855,0.030993788,0.022779418,0.003073396,0.13951045
2021-35,9.7258635e-05,0.18532646,0.03297982,0.013821664,0.09616509,0.054985143,0.0268326,0.08360606,0.012778146,0.080493614,0.00010945297,5.06461e-05,0.055451263,0.035962366,0.18381482,5.4475287e-05,0.13747114
2021-36,5.4056043e-05,0.14136353,0.040825285,3.1575106e-05,0.07864923,0.2431921,0.04296136,9.1668866e-05,0.0061660465,0.017243177,0.030641729,2.8148943e-05,0.11467048,0.013166895,0.045982074,0.039532915,0.18539974
2021-37,0.07115325,0.06526662,0.25325868,0.044312898,6.9947724e-05,0.13514319,0.012860883,0.029946059,0.01777444,0.24399719,0.025443159,0.003809477,6.3326406e-05,6.487452e-05,0.023279967,0.006051456,0.06750457
2021-38,0.044203684,0.3292709,0.043276355,3.3867444e-05,0.022496456,0.11094162,0.038255062,0.1727732,0.010975286,0.027184024,0.05487387,3.0192543e-05,0.07036367,0.0077836365,8.12873e-05,3.2475302e-05,0.067424394
2021-39,0.030049313,0.11750197,0.14796919,0.15700127,0.040054586,0.09651458,0.037150607,0.059297558,0.009338624,0.065207906,0.028769378,0.0039694053,0.012146399,0.032196652,0.022268495,0.002072552,0.13849151
2021-40,0.036739442,0.16202389,0.16932292,1.9111303e-05,0.029162476,0.06965037,0.02915047,0.12490243,0.0047608553,0.06577291,0.07630364,1.7037568e-05,0.048946403,0.0049711657,0.02253358,0.0046311854,0.15109217
2021-41,3.8614467e-05,0.39626536,0.036245544,2.2555403e-05,0.014534411,0.028497789,0.008447883,0.2667446,0.0053840308,0.009543466,0.0122196525,2.0107955e-05,0.057965413,0.0037116655,0.03171579,0.0030711,0.125572
2021-42,3.1321448e-05,0.20296286,0.046883516,1.829542e-05,0.026998509,0.044770613,0.05177094,0.2066645,0.0029486893,0.013732426,3.5248548e-05,0.013182039,0.030005494,0.0063074804,0.08702447,1.7543376e-05,0.26664603
2021-43,0.00010800081,0.39300397,0.037295807,6.3085216e-05,0.00015337908,0.046706017,0.03461585,0.3004941,0.012228,8.093123e-05,0.01679332,5.6239944e-05,0.081852995,0.017626455,0.024738314,6.049206e-05,0.03412306
2021-44,9.181024e-05,0.42633253,0.07683715,5.362801e-05,0.08727896,0.13387771,0.03453593,0.068371624,0.015488592,0.0143919615,0.04990084,4.7808924e-05,0.00011804335,0.0001209291,0.04355571,5.14236e-05,0.04894538
2021-45,0.03359942,0.24585873,0.0506414,0.0042600413,0.20477408,0.11678022,0.02910934,0.078722596,0.0097115105,0.015427561,0.020330383,0.016116437,0.010295962,0.011104345,0.044071943,0.0026924273,0.10650361
2021-46,0.19740522,0.2431007,0.09640595,3.2244097e-05,0.047150727,0.06466231,0.040101808,0.012277825,0.011939582,0.031882603,6.212251e-05,2.8745342e-05,0.1014753,0.013847661,0.025548931,0.004981423,0.10909681
2021-47,5.9564984e-05,0.2549085,0.0673413,0.01970177,0.020118324,0.04968569,0.09038367,0.3036323,0.008874386,0.017745344,0.01797234,3.1017647e-05,0.030963663,7.845682e-05,8.3508734e-05,0.007883731,0.110536486
2021-48,3.1939646e-05,0.20958994,0.09847376,1.8656521e-05,4.53596e-05,0.058211733,0.03593649,0.34740573,0.009001845,0.021640245,0.011833284,0.012595484,0.04733397,0.0031817984,0.039614286,1.7889635e-05,0.10506755
2021-49,6.1137085e-05,0.12388008,0.0073911687,3.571127e-05,0.010716543,0.047447633,0.04889407,0.40271708,0.027928496,0.015639044,0.03385784,3.1836298e-05,0.115207255,8.0527534e-05,0.01578008,3.4243338e-05,0.15029724
2021-50,0.01917877,0.16920514,0.09858617,7.7351586e-05,0.0001880649,0.08819239,0.064823635,0.10315626,8.500326e-05,0.0075430083,0.00014902806,0.028071623,0.09685765,0.00017442483,0.00018565623,7.417201e-05,0.32345164
2021-51,0.025651745,0.3657821,0.08351727,0.019337375,0.00015765023,0.04079409,0.013205067,0.2845788,0.01781949,8.318493e-05,0.09179206,5.7806057e-05,0.021778945,0.021356957,0.00015563109,6.217659e-05,0.013869589
2021-52,0.00012975745,0.1454255,0.4198271,7.579366e-05,0.00018427712,0.054027222,0.117702186,0.00022004421,0.017932555,0.023495408,0.031571545,6.756941e-05,0.00016683327,0.034908578,0.08984479,7.2678115e-05,0.0643482
2022-1,0.021887774,0.47943592,0.17937584,0.00010697792,0.0002600954,0.0004048638,0.00013082854,0.116031,0.000117560245,0.012048789,0.0002061071,0.012300603,0.056150638,0.00024123106,0.00025676418,0.00010258053,0.120942436
2022-2,0.0940416,0.22884576,0.19557133,8.206375e-05,0.00019952162,0.00031057483,0.07882531,0.07880981,0.024077272,0.00010527857,0.061090074,7.315915e-05,0.0001806347,0.011464272,0.14760965,0.050491843,0.028221892
2022-3,0.0137641495,0.63599366,0.08483456,6.854623e-05,0.030265221,0.03420323,0.027123308,0.10932021,0.008055912,8.79371e-05,0.00013206337,6.110839e-05,0.018521862,0.00015456909,0.00016452195,0.022576246,0.014672874
2022-4,0.00011913297,0.34783557,0.115853295,6.958771e-05,0.00016918858,0.018959677,8.510223e-05,0.039595187,7.647138e-05,0.03660746,0.01364201,6.203687e-05,0.36484277,0.0001569176,0.00016702169,6.672727e-05,0.061691817
2022-5,4.979042e-05,0.20418271,0.06840211,2.9083478e-05,0.031846065,0.056376904,0.057932924,0.18990663,0.0074733477,0.01710477,0.037083328,0.004016112,0.045555703,6.558211e-05,6.980502e-05,0.008705215,0.27119994
2022-6,0.008419522,0.15611179,0.077651426,0.044878017,0.035016183,0.10099985,0.03269432,0.098320335,0.04657555,0.049296193,0.036453757,0.0041317204,0.021139838,0.006126503,0.06379737,0.0038361254,0.21455152
2022-7,7.5986165e-05,0.26542434,0.13956733,4.4384884e-05,0.023945779,0.044473894,0.021908825,0.18477903,0.01386963,0.053728014,0.07268759,3.9568753e-05,0.10213559,0.000100086196,0.011327738,4.2560416e-05,0.06584961
2022-8,4.9364924e-05,0.3187993,0.11575627,2.8834938e-05,0.076402456,0.017305462,3.526366e-05,0.22112495,0.017068876,0.026303822,0.033878125,2.5706107e-05,0.035305656,0.012328964,0.008960337,0.005648357,0.110978305
2022-9,7.791351e-05,0.30574134,0.09418558,4.551068e-05,0.000110650115,0.022268608,0.02946001,0.13025698,0.015662935,0.043571096,8.768234e-05,0.0076123886,0.20816521,0.021631695,0.0058735185,0.015211589,0.1000373
2022-10,4.5457335e-05,0.35836905,0.081409544,2.6552447e-05,0.07831543,0.038484942,0.030261928,0.061245676,0.009362798,0.044658612,0.032796834,2.3671284e-05,0.044771474,0.030202994,0.027840922,0.011198752,0.15098538
2022-11,0.009757355,0.21648413,0.24597518,1.4567938e-05,0.02124162,0.04450232,0.028213942,0.084422134,0.010106791,0.0126779275,0.04753549,1.2987195e-05,0.045735385,0.063552864,0.07030199,0.0021283985,0.09733691
2022-12,2.16535e-05,0.23620258,0.20293772,1.2648199e-05,0.04655152,0.08508655,0.045003746,0.06812426,0.007997995,0.016617076,0.027001744,0.005221807,0.0883049,0.024156386,0.0064809117,0.0030953912,0.13718313
2022-13,5.1221832e-05,0.38064316,0.19039397,2.9919593e-05,0.034410924,0.0082687875,0.019396096,0.03453479,0.017241087,0.008737188,0.013202271,0.0060212472,0.16036198,6.7467525e-05,0.046288528,0.0092840735,0.07106728
2022-14,5.513713e-05,0.18634613,0.17856583,3.220659e-05,0.013080327,0.09869516,0.051861405,0.077617116,0.012920698,0.028230278,0.033618636,0.005940816,0.0751251,0.05172521,0.016938783,3.088272e-05,0.16921626
2022-15,0.0056738667,0.01752071,0.012934061,0.0033142075,0.008057832,0.8820238,0.004053107,0.009621783,0.0036420512,0.004251756,0.006385259,0.0029545883,0.007295071,0.0074734096,0.007954629,0.003177975,0.013665927
2022-16,0.009627502,0.33450893,0.14664654,4.0370436e-05,0.023861032,0.013526716,0.033668324,0.2704396,4.4363904e-05,0.02831816,0.02120902,3.5989906e-05,0.048226163,9.103378e-05,0.0130864475,0.006429277,0.050240476
2022-17,0.036522303,0.32864162,0.08703008,1.8053119e-05,0.040589817,0.07482082,0.036443267,0.02972403,0.01487376,0.039714087,0.029294262,0.005726755,0.033278402,0.013986647,4.3330383e-05,0.0032553847,0.22603735
2022-18,0.076174974,0.17986745,0.13755438,6.4763294e-06,0.04309283,0.07321164,0.035566125,0.041742858,0.004097452,0.15796702,0.020633576,0.007029436,0.031570893,0.041207846,0.0196489,0.0064983233,0.12412981
2022-19,4.0100844e-05,0.20313588,0.07135991,2.3423623e-05,0.07552757,0.11560824,0.0130901,0.08125876,0.002367689,0.032425787,0.025727808,0.02019249,0.036708884,0.010993519,0.003738189,2.2460781e-05,0.30777922
2022-20,5.9910166e-05,0.07111987,0.058942076,0.012788058,0.124269955,0.11816553,4.279662e-05,0.055026826,3.8456295e-05,0.03852405,0.028067462,0.025082018,0.025226368,7.891148e-05,0.04397402,3.355613e-05,0.39856014
2022-21,4.921842e-05,0.268014,0.065687574,2.8749364e-05,0.039711595,0.11471153,3.5159006e-05,0.17613526,0.012541416,0.015044483,0.03934016,2.5629817e-05,0.029229708,6.48287e-05,6.9003094e-05,2.7567605e-05,0.23928408
2022-22,5.8565718e-05,0.15682985,0.0001335178,3.420929e-05,8.317304e-05,0.30219638,0.02291726,0.039366417,3.7593294e-05,0.011861094,0.012854131,0.021671556,0.046203304,7.714062e-05,0.05695515,3.2803095e-05,0.32868785
2022-23,0.014042947,0.16976495,0.04137758,2.2440709e-05,5.4560092e-05,0.22608863,0.101131186,0.064036354,0.00466238,0.015725438,0.015765347,0.004528912,0.041245926,0.019160813,0.028098635,0.016274372,0.23801953
2022-24,3.672207e-05,0.22164749,0.03806418,2.1450021e-05,0.05370851,0.055120204,0.06199869,0.07823903,0.00393879,0.022819726,0.036878787,0.012516275,4.7214733e-05,0.014796607,0.071958885,2.0568306e-05,0.3281869
2022-25,4.4724726e-05,0.35119206,0.15471913,2.6124517e-05,6.351654e-05,0.054094564,0.013195984,0.13645785,0.0048004747,0.020565154,0.0018979134,2.328979e-05,0.054622374,5.890978e-05,6.270304e-05,2.5050653e-05,0.20815018
2022-26,0.015097256,0.27787408,0.08366936,0.0033267972,0.071015455,0.10654224,0.032520927,0.056836654,0.009501646,0.034787044,0.06340033,0.005538353,0.037309524,0.042933132,0.033396702,0.0025676347,0.12368286
2022-27,3.4852746e-05,0.23229648,0.039322454,2.0358117e-05,0.28863615,0.059659645,0.035777375,0.08215206,0.007444556,0.019375144,0.02933756,0.007187439,0.019597983,4.5906767e-05,0.013067709,1.9521285e-05,0.16602477
2022-28,0.166378,0.13873515,0.08815548,0.0044181976,0.032872844,0.19250613,0.026068205,0.0213047,0.0043134275,0.008776463,0.011129831,1.32838e-05,0.017598588,0.11313237,3.576394e-05,0.0033861282,0.17117544
2022-29,0.014428972,0.17185456,0.08930937,2.2199794e-05,0.053073034,0.2138826,2.7149219e-05,0.09211253,2.4395813e-05,0.01739463,0.033856023,1.9790932e-05,0.036114097,0.005442767,0.012796012,2.128726e-05,0.25962055
2022-30,3.360736e-05,0.32122138,0.0721025,1.9630663e-05,0.15135708,0.0539047,0.029790884,0.050232306,0.006121094,0.01253013,0.009442416,0.003176198,0.07650818,0.030143658,0.026999125,0.0032355646,0.15318154
2022-31,0.0027177604,0.14380789,0.11603567,1.1230744e-05,0.034830913,0.16454864,0.015224681,0.060560595,0.0032629627,0.018273873,0.016033327,0.0055180783,0.03654279,0.021978151,0.020271534,0.0048752734,0.33550665
2022-32,2.6138772e-05,0.15391147,0.10342604,1.5268126e-05,0.080368154,0.1057999,0.0035173884,0.03684091,1.677846e-05,0.018369727,0.009019004,0.006999888,0.041640453,0.22736537,0.025669768,0.0021892374,0.18482448
2022-33,2.9483544e-05,0.18070392,0.05487438,1.7221868e-05,0.042443126,0.08057459,0.0054525947,0.07522899,0.0049340418,0.021320004,0.0070029716,1.5353151e-05,0.033341598,0.12286051,0.07186723,1.6513954e-05,0.29931745
2022-34,3.0424992e-05,0.14184836,0.22159848,0.010751071,0.019438934,0.03823636,0.03526434,0.08240086,0.018532146,0.027110018,0.020303657,1.5843398e-05,0.024245242,0.0456618,0.16307531,0.0031008963,0.1483863
2022-35,0.0032496252,0.1826313,0.1186342,3.1742642e-05,0.13492966,0.02929875,0.032680895,0.061712828,3.4882647e-05,0.026598085,0.048113286,2.82983e-05,0.044833735,0.016948855,0.0392416,3.0437843e-05,0.26100186
2022-36,0.012332657,0.14362895,0.06015967,0.032772258,0.0960208,0.111461736,0.02720709,0.0943001,0.0036566937,0.015450247,0.034690652,0.0034602676,0.03047839,4.051453e-05,0.059333827,0.0028949128,0.2721112
2022-37,0.03989674,0.16605493,0.25136435,0.048160758,0.02299592,0.12046754,0.013127149,0.08118154,0.038289525,0.0654546,0.01061584,0.003340007,4.4104396e-05,0.03402415,0.009191773,0.0027586038,0.09303251
2022-38,0.043697998,0.28041345,0.080978274,0.008037577,7.994766e-05,0.028407615,0.028788025,0.16907413,3.613546e-05,0.009322912,0.01233864,2.9314637e-05,0.060040545,0.072534196,7.8923724e-05,0.021251233,0.18489103
2022-39,0.008009651,0.3103383,0.1329015,0.03808701,0.021392096,0.047565237,4.9540147e-05,0.093947314,4.451591e-05,0.027031146,0.0035078188,3.611322e-05,0.022221638,9.134568e-05,0.018768875,0.020763023,0.2552449
2022-40,4.1116895e-05,0.36039764,0.08856297,2.4017116e-05,0.06825536,0.07534563,0.057003725,0.023590822,0.005394132,0.008538624,0.026592363,2.1411059e-05,0.018563218,0.055361602,0.013082003,2.302988e-05,0.19920233
2022-41,0.0001116976,0.27846572,0.10615815,0.03818765,0.075051315,0.07869932,0.019842554,0.05869057,7.169861e-05,0.035894487,0.032869365,0.009756972,0.025760654,0.013693399,0.02648413,6.256266e-05,0.20019972
2022-42,3.523257e-05,0.2477743,0.03686084,2.0579977e-05,5.0036095e-05,0.056259017,0.023960758,0.13140708,0.003621897,0.009040045,0.048038274,0.0031079412,0.046054035,0.0028833295,0.1281668,0.002892251,0.25982752
2022-43,6.0469676e-05,0.2940337,0.06280422,3.5321427e-05,0.07569773,0.033780698,4.3196305e-05,0.07217571,0.013637189,0.018304402,0.007855367,0.021162905,0.016841022,7.9648446e-05,0.094571985,0.012148232,0.27676818
2022-44,0.07226976,0.17558263,0.29701763,4.9115897e-05,0.020603936,0.05772623,0.03182932,0.05412243,5.3974476e-05,0.08179416,0.046699643,4.378641e-05,0.0001081115,0.000110754445,0.022176275,0.0076028295,0.1322094
2022-45,6.5078835e-05,0.27938342,0.10246159,3.8013717e-05,9.242276e-05,0.00014386667,0.021986725,0.10644311,4.177406e-05,0.016635278,0.027787158,0.006269066,0.24459092,0.021023294,0.035299648,3.6451143e-05,0.13770215
2022-46,0.014393871,0.22199388,0.2643662,0.01333381,0.066378385,0.082146265,0.016564088,0.036424734,0.010661304,0.037513148,0.07200023,0.0044191303,0.0056201904,0.016904807,0.05473928,0.0044388426,0.07810186
2022-47,0.036336403,0.15206853,0.26860562,1.4590249e-05,0.035413507,0.034123063,0.020503461,0.075631686,0.009195679,0.08608465,0.10988263,0.0022837475,0.029395247,0.020806843,0.019383015,0.006743563,0.093527794
2022-48,3.6825524e-05,0.23808952,0.19123651,2.151045e-05,0.08786546,0.080869585,0.0075892652,0.05044691,0.008846762,0.031606745,0.06765099,1.9176387e-05,0.0055249967,4.8505233e-05,0.09618892,0.0034390236,0.13051927
2022-49,6.3207975e-05,0.2799203,0.26461056,3.6920912e-05,0.03789368,0.026397755,0.04390032,0.055548344,4.0573155e-05,0.011062987,0.04587693,0.013226243,0.14925227,8.325523e-05,8.8616114e-05,0.0043697446,0.06762825
2022-50,0.06739369,0.090010144,0.17286202,2.7056205e-05,6.578175e-05,0.17490555,0.043749563,0.0896527,2.9732622e-05,0.13185528,0.029924523,2.412038e-05,0.03664998,0.016218504,0.015326535,0.012714401,0.11859036
2022-51,0.03838046,0.28470415,0.1682779,2.0436248e-05,0.016771473,0.009098118,0.0403074,0.08068167,0.0075313835,0.024341216,0.09288339,0.008861111,0.09408731,4.6082947e-05,0.0052083544,1.9596204e-05,0.12877998
2022-52,6.839375e-05,0.33753827,0.23563495,3.9950017e-05,0.05925383,0.009639981,0.02449865,0.058158755,0.011912388,0.010500718,0.01697913,0.008766637,0.08767967,9.008574e-05,9.588645e-05,0.013045637,0.12609708
2023-1,0.06299876,0.106797025,0.13217008,3.11062e-05,0.01728782,0.06209282,0.026004806,0.05035003,3.4183246e-05,0.09929071,5.9930204e-05,0.008520256,0.109669566,0.009406,0.049474146,0.010135196,0.25567752
2023-2,0.24026312,0.12568395,0.08826604,1.1639243e-05,0.047077976,0.068047486,0.038977444,0.018803613,0.0025175202,0.06576755,0.017744238,0.008727769,0.03329618,0.032197256,0.0450751,0.0022103873,0.16533275
2023-3,4.998979e-05,0.18446916,0.15211165,2.9199935e-05,7.09938e-05,0.033980466,0.037299134,0.13062486,0.027324397,0.010791945,0.022860998,0.022796594,0.19525169,0.012678316,0.02520132,2.7999655e-05,0.14443123
2023-4,4.9284794e-05,0.15475054,0.10032696,2.8788132e-05,6.999259e-05,0.17624258,0.039623454,0.037914984,0.003524157,0.06317914,0.021014892,0.0054555503,0.16445427,0.014756993,0.01317007,0.004136529,0.20130178
2023-5,2.9380066e-05,0.228635,0.14895977,1.7161425e-05,0.14608878,0.030180404,0.033933457,0.053485475,0.010137734,0.031683728,0.058176693,0.011587227,0.06147589,0.05988973,0.009841119,0.0061231577,0.10975529
2023-6,0.02711318,0.12930393,0.13637023,1.5564196e-05,0.02171207,0.115215965,0.013874847,0.049906354,0.011731089,0.0697056,0.05211755,0.0028407439,0.15017937,0.006859989,0.040307987,0.0050926725,0.16765283
2023-7,0.0032620989,0.17147043,0.114452906,0.010959882,0.039957054,0.024478903,0.065131985,0.02562759,0.018675325,0.03403128,0.010543015,0.009214392,0.08439436,0.00526771,0.13412116,0.0033974082,0.24501449
2023-8,0.009114833,0.16663231,0.3035517,2.0621728e-05,0.031284656,0.03674355,0.024229804,0.013410751,0.0066213217,0.041505016,0.031781476,1.8384098e-05,0.17681825,0.04609779,4.9495462e-05,1.9774061e-05,0.11210024
2023-9,3.3120374e-05,0.18717745,0.20562832,1.9346206e-05,0.026955487,0.03693662,0.0221697,0.042007666,0.0024557053,0.03068625,0.012638637,0.014883534,0.14480786,0.012816393,4.6434e-05,1.8550969e-05,0.2607189
2023-10,0.023196287,0.20441876,0.2840388,2.5601494e-05,0.005345458,0.018470326,0.043556336,0.06069574,2.813401e-05,0.02930218,4.9324663e-05,0.012441415,0.06383259,0.09458996,0.016169973,0.0039975806,0.13984156
2023-11,0.010493302,0.20074067,0.20931573,1.1139004e-05,0.03208165,0.055366248,0.04056828,0.04187038,0.0025195894,0.033017125,0.029091476,0.008534753,0.035515495,0.15802999,0.02470259,0.00357745,0.11456409
2023-12,0.034213338,0.20565546,0.13884762,1.8521501e-05,0.011062595,0.013372911,0.052167065,0.07951674,0.0056232694,0.015452851,0.037236452,0.0044154255,0.21809031,0.006902838,0.019553158,0.011952249,0.1459192
2023-13,4.1244293e-05,0.1834292,0.23153998,2.4091532e-05,0.03218822,0.103203826,0.036867756,0.01891132,0.0097907195,0.023999676,0.0062397383,2.14774e-05,0.10609838,0.024677698,5.7823552e-05,0.029553043,0.1933558
2023-14,0.025102165,0.17301427,0.1350252,2.9878223e-05,0.010501431,0.07403654,0.024467308,0.02429628,0.003539263,0.07407552,5.7564346e-05,2.6636186e-05,0.05733,0.024449565,0.044454217,2.8650062e-05,0.3295655
2023-15,8.730123e-05,0.16562161,0.111411676,5.099422e-05,0.13214017,0.065607816,0.014836143,0.03910384,5.60386e-05,0.022256112,9.82471e-05,0.017323392,0.24513313,0.00975628,0.037114006,4.8898073e-05,0.13935432
